sample_id,original_index,true_label,predicted_label,confidence,Time_spent_Alone,Stage_fear,Social_event_attendance,Going_outside,Drained_after_socializing,Friends_circle_size,Post_frequency,description
0,63,Extrovert,Introvert,0.8210042119026184,8.0,1.0,4.0,2.0,1.0,0.0080086713074706,0.0,"Sample #0: True=Extrovert, Predicted=Introvert, Confidence=0.82"
1,102,Extrovert,Introvert,0.9012225270271301,6.0,1.0,2.0,0.0,1.0,2.0,0.0,"Sample #1: True=Extrovert, Predicted=Introvert, Confidence=0.90"
2,124,Introvert,Extrovert,0.8900604248046875,4.0,0.0,7.0,6.0,0.0,11.0,3.0,"Sample #2: True=Introvert, Predicted=Extrovert, Confidence=0.89"
3,139,Extrovert,Introvert,0.8184635639190674,11.0,1.0,2.0,2.0,1.0,2.0,2.0,"Sample #3: True=Extrovert, Predicted=Introvert, Confidence=0.82"
4,149,Introvert,Extrovert,0.8925186991691589,0.0,0.0,4.0,6.0,0.0,0.0363955635344609,3.0,"Sample #4: True=Introvert, Predicted=Extrovert, Confidence=0.89"
5,272,Introvert,Extrovert,0.9560394287109375,4.0,0.0,5.0,3.0,0.0,12.0,3.0,"Sample #5: True=Introvert, Predicted=Extrovert, Confidence=0.96"
6,285,Introvert,Extrovert,0.9037689566612244,0.0001099148103094,0.0,9.0,5.0,0.0,12.0,6.0,"Sample #6: True=Introvert, Predicted=Extrovert, Confidence=0.90"
7,321,Introvert,Extrovert,0.6073546409606934,0.0007538745790952,1.0,2.0,2.0,1.0,2.0,2.0,"Sample #7: True=Introvert, Predicted=Extrovert, Confidence=0.61"
8,338,Introvert,Extrovert,0.9628390073776245,0.0001099148103094,0.0,9.0,6.0,0.0,13.0,8.0,"Sample #8: True=Introvert, Predicted=Extrovert, Confidence=0.96"
9,374,Extrovert,Introvert,0.6671136617660522,2.0,0.0,0.0282237934065051,5.0,0.0,3.0,9.0,"Sample #9: True=Extrovert, Predicted=Introvert, Confidence=0.67"
10,398,Extrovert,Introvert,0.7401449680328369,4.0,1.0,2.0,2.0,1.0,7.0,2.0,"Sample #10: True=Extrovert, Predicted=Introvert, Confidence=0.74"
11,403,Extrovert,Introvert,0.9506174921989441,6.0,1.0,1.0,9.533241754979826e-05,1.0,3.0,2.0,"Sample #11: True=Extrovert, Predicted=Introvert, Confidence=0.95"
12,503,Extrovert,Introvert,0.8915976285934448,11.0,1.0,1.0,2.0,1.0,3.0,1.0,"Sample #12: True=Extrovert, Predicted=Introvert, Confidence=0.89"
13,518,Extrovert,Introvert,0.835549533367157,11.0,1.0,1.0,1.0,1.0,4.0,3.0,"Sample #13: True=Extrovert, Predicted=Introvert, Confidence=0.84"
14,529,Introvert,Extrovert,0.5536779165267944,0.000528407699312,1.0,0.0,2.0,1.0,4.0,2.0,"Sample #14: True=Introvert, Predicted=Extrovert, Confidence=0.55"
15,540,Introvert,Extrovert,0.5072392225265503,0.0007868951215641,1.0,0.0,2.0,1.0,4.0,0.0,"Sample #15: True=Introvert, Predicted=Extrovert, Confidence=0.51"
16,547,Introvert,Extrovert,0.952652633190155,2.0,0.0,10.0,6.0,0.0,10.0,6.0,"Sample #16: True=Introvert, Predicted=Extrovert, Confidence=0.95"
17,558,Extrovert,Introvert,0.7975906133651733,3.0,1.0,2.0,1.0,1.0,2.0,1.0,"Sample #17: True=Extrovert, Predicted=Introvert, Confidence=0.80"
18,561,Introvert,Extrovert,0.968666136264801,1.0,0.0,9.0,4.0,0.0,13.0,4.0,"Sample #18: True=Introvert, Predicted=Extrovert, Confidence=0.97"
19,651,Extrovert,Introvert,0.7541632056236267,11.0,1.0,2.0,3.0,1.0,4.0,3.0,"Sample #19: True=Extrovert, Predicted=Introvert, Confidence=0.75"
20,655,Extrovert,Introvert,0.9070969820022583,9.0,1.0,0.0004341994499554,0.0,1.0,3.0,1.0,"Sample #20: True=Extrovert, Predicted=Introvert, Confidence=0.91"
21,707,Extrovert,Introvert,0.6642391085624695,6.0,1.0,0.0,1.0,1.0,1.0,2.0,"Sample #21: True=Extrovert, Predicted=Introvert, Confidence=0.66"
22,714,Extrovert,Introvert,0.6819568872451782,5.0,1.0,4.0,2.0,1.0,4.0,1.0,"Sample #22: True=Extrovert, Predicted=Introvert, Confidence=0.68"
23,727,Extrovert,Introvert,0.9339572787284851,6.0,1.0,3.0,2.0,1.0,3.0,2.0,"Sample #23: True=Extrovert, Predicted=Introvert, Confidence=0.93"
24,737,Extrovert,Introvert,0.8845899701118469,7.0,1.0,0.0,0.0001476143414038,1.0,5.0,2.0,"Sample #24: True=Extrovert, Predicted=Introvert, Confidence=0.88"
25,738,Introvert,Extrovert,0.5072542428970337,5.0,0.0,5.0,7.0,0.0,8.0,7.0,"Sample #25: True=Introvert, Predicted=Extrovert, Confidence=0.51"
26,868,Introvert,Extrovert,0.7915024757385254,0.0,1.0,5.0,3.0,1.0,5.0,3.0,"Sample #26: True=Introvert, Predicted=Extrovert, Confidence=0.79"
27,869,Extrovert,Introvert,0.9453468322753906,10.0,1.0,2.0,0.0,1.0,0.0005736617458751,2.0,"Sample #27: True=Extrovert, Predicted=Introvert, Confidence=0.95"
28,877,Introvert,Extrovert,0.9828629493713379,1.0,0.0,4.0,6.0,0.0,13.0,4.0,"Sample #28: True=Introvert, Predicted=Extrovert, Confidence=0.98"
29,880,Extrovert,Introvert,0.9337958097457886,5.0,0.0,0.0,2.0,0.0,3.0,1.0,"Sample #29: True=Extrovert, Predicted=Introvert, Confidence=0.93"
30,946,Extrovert,Introvert,0.9417173266410828,7.0,1.0,3.0,2.0,1.0,4.0,2.0,"Sample #30: True=Extrovert, Predicted=Introvert, Confidence=0.94"
31,1037,Extrovert,Introvert,0.9424854516983032,4.0,1.0,2.0,3.0,1.0,1.0,2.0,"Sample #31: True=Extrovert, Predicted=Introvert, Confidence=0.94"
32,1041,Extrovert,Introvert,0.8236975073814392,11.0,1.0,0.0,1.0,1.0,0.0,0.0,"Sample #32: True=Extrovert, Predicted=Introvert, Confidence=0.82"
33,1139,Introvert,Extrovert,0.7311562895774841,0.0008540719456505,1.0,3.0,2.0,1.0,5.0,1.0,"Sample #33: True=Introvert, Predicted=Extrovert, Confidence=0.73"
34,1203,Extrovert,Introvert,0.8935356140136719,9.0,1.0,2.0,2.0,1.0,0.0,1.0,"Sample #34: True=Extrovert, Predicted=Introvert, Confidence=0.89"
35,1211,Introvert,Extrovert,0.9868618249893188,2.0,0.0,9.0,6.0,0.0,6.0,3.0,"Sample #35: True=Introvert, Predicted=Extrovert, Confidence=0.99"
36,1263,Extrovert,Introvert,0.9277486801147461,10.0,1.0,3.0,3.0,1.0,4.0,3.0,"Sample #36: True=Extrovert, Predicted=Introvert, Confidence=0.93"
37,1378,Introvert,Extrovert,0.9332543015480042,4.0,0.0,9.0,4.0,0.0,12.0,5.0,"Sample #37: True=Introvert, Predicted=Extrovert, Confidence=0.93"
38,1422,Extrovert,Introvert,0.6677067875862122,9.0,1.0,0.0,1.0,1.0,15.0,1.0,"Sample #38: True=Extrovert, Predicted=Introvert, Confidence=0.67"
39,1430,Introvert,Extrovert,0.9734295010566711,1.0,0.0,4.0,5.0,0.0,10.0,7.0,"Sample #39: True=Introvert, Predicted=Extrovert, Confidence=0.97"
40,1454,Introvert,Extrovert,0.5072392225265503,0.000528407699312,1.0,0.0,2.0,1.0,4.0,0.0,"Sample #40: True=Introvert, Predicted=Extrovert, Confidence=0.51"
41,1460,Introvert,Extrovert,0.9230256676673889,2.0,0.0,5.0,6.0,0.0,14.0,10.0,"Sample #41: True=Introvert, Predicted=Extrovert, Confidence=0.92"
42,1499,Introvert,Extrovert,0.9521015286445618,0.0,0.0,6.0,3.0,0.0,14.0,7.0,"Sample #42: True=Introvert, Predicted=Extrovert, Confidence=0.95"
43,1511,Introvert,Extrovert,0.9576623439788818,1.0,0.0,9.0,7.0,0.0,8.0,7.0,"Sample #43: True=Introvert, Predicted=Extrovert, Confidence=0.96"
44,1515,Extrovert,Introvert,0.9559065699577332,6.0,1.0,0.0,0.0001476143414038,1.0,2.0,1.0,"Sample #44: True=Extrovert, Predicted=Introvert, Confidence=0.96"
45,1555,Extrovert,Introvert,0.5839943289756775,11.0,1.0,0.0,5.0,1.0,2.0,3.0,"Sample #45: True=Extrovert, Predicted=Introvert, Confidence=0.58"
46,1582,Extrovert,Introvert,0.9354729056358337,7.0,1.0,2.0,0.0,1.0,0.0,2.0,"Sample #46: True=Extrovert, Predicted=Introvert, Confidence=0.94"
47,1585,Introvert,Extrovert,0.9665864706039429,2.0,0.0,4.0,7.0,0.0,6.0,4.0,"Sample #47: True=Introvert, Predicted=Extrovert, Confidence=0.97"
48,1596,Introvert,Extrovert,0.8971772789955139,0.0,0.0,9.0,7.0,0.0,13.0,6.0,"Sample #48: True=Introvert, Predicted=Extrovert, Confidence=0.90"
49,1615,Introvert,Extrovert,0.9677634835243225,3.0,0.0,0.1213655967265367,5.0,0.0,13.0,5.0,"Sample #49: True=Introvert, Predicted=Extrovert, Confidence=0.97"
50,1703,Introvert,Extrovert,0.9527935981750488,0.0,0.0,8.0,5.0,0.0,10.0,6.0,"Sample #50: True=Introvert, Predicted=Extrovert, Confidence=0.95"
51,1716,Introvert,Extrovert,0.9556617140769958,0.0,0.0,6.0,7.0,0.0,13.0,8.0,"Sample #51: True=Introvert, Predicted=Extrovert, Confidence=0.96"
52,1725,Introvert,Extrovert,0.9755027294158936,1.0,0.0,5.0,7.0,0.0,15.0,6.0,"Sample #52: True=Introvert, Predicted=Extrovert, Confidence=0.98"
53,1729,Introvert,Extrovert,0.8940145373344421,4.0,0.0,4.0,7.0,0.0,10.0,7.0,"Sample #53: True=Introvert, Predicted=Extrovert, Confidence=0.89"
54,1732,Extrovert,Introvert,0.5796096324920654,3.0,0.0,0.0904006351716816,6.0,0.0,0.1493020109832286,3.0,"Sample #54: True=Extrovert, Predicted=Introvert, Confidence=0.58"
55,1737,Extrovert,Introvert,0.8656217455863953,8.0,1.0,1.0,3.0,1.0,2.0,3.0,"Sample #55: True=Extrovert, Predicted=Introvert, Confidence=0.87"
56,1766,Introvert,Extrovert,0.9633368849754333,1.0,0.0,3.0,0.0019499183865264,0.0,6.0,3.0,"Sample #56: True=Introvert, Predicted=Extrovert, Confidence=0.96"
57,1774,Introvert,Extrovert,0.5642502307891846,7.0,0.0,5.0,7.0,0.0,13.0,5.0,"Sample #57: True=Introvert, Predicted=Extrovert, Confidence=0.56"
58,1834,Introvert,Extrovert,0.9757945537567139,2.0,0.0,7.0,5.0,0.0,7.0,6.0,"Sample #58: True=Introvert, Predicted=Extrovert, Confidence=0.98"
59,1845,Extrovert,Introvert,0.9126365184783936,7.0,1.0,3.0,2.0,1.0,1.0,2.0,"Sample #59: True=Extrovert, Predicted=Introvert, Confidence=0.91"
60,1873,Introvert,Extrovert,0.9848840236663818,1.0,0.0,9.0,7.0,0.0,15.0,10.0,"Sample #60: True=Introvert, Predicted=Extrovert, Confidence=0.98"
61,1882,Introvert,Extrovert,0.9749175310134888,2.0,0.0,7.0,5.0,0.0,11.0,8.0,"Sample #61: True=Introvert, Predicted=Extrovert, Confidence=0.97"
62,1886,Introvert,Extrovert,0.9530830383300781,0.0,0.0,5.0,7.0,0.0,13.0,9.0,"Sample #62: True=Introvert, Predicted=Extrovert, Confidence=0.95"
63,1896,Introvert,Extrovert,0.9529359936714172,2.0,0.0,6.0,6.0,0.0,10.0,10.0,"Sample #63: True=Introvert, Predicted=Extrovert, Confidence=0.95"
64,1927,Extrovert,Introvert,0.9614763259887695,9.0,1.0,2.0,0.0,1.0,0.0005697527667507,1.0,"Sample #64: True=Extrovert, Predicted=Introvert, Confidence=0.96"
65,1971,Extrovert,Introvert,0.5100616216659546,0.0007738710148259,1.0,1.0,2.0,1.0,3.0,2.0,"Sample #65: True=Extrovert, Predicted=Introvert, Confidence=0.51"
66,2001,Introvert,Extrovert,0.9619177579879761,0.0,0.0,4.0,5.0,0.0,12.0,4.0,"Sample #66: True=Introvert, Predicted=Extrovert, Confidence=0.96"
67,2004,Introvert,Extrovert,0.9232443571090698,4.0,0.0,9.0,4.0,0.0,13.0,6.0,"Sample #67: True=Introvert, Predicted=Extrovert, Confidence=0.92"
68,2029,Extrovert,Introvert,0.9454222917556763,8.0,1.0,1.0,2.0,1.0,2.0,0.0011196110106538,"Sample #68: True=Extrovert, Predicted=Introvert, Confidence=0.95"
69,2035,Introvert,Extrovert,0.9432295560836792,0.0,0.0,5.0,5.0,0.0,11.0,10.0,"Sample #69: True=Introvert, Predicted=Extrovert, Confidence=0.94"
70,2136,Introvert,Extrovert,0.916394829750061,1.0,0.0,10.0,5.0,0.0,13.0,4.0,"Sample #70: True=Introvert, Predicted=Extrovert, Confidence=0.92"
71,2176,Introvert,Extrovert,0.9724982380867004,0.0,0.0,8.0,5.0,0.0,5.0,5.0,"Sample #71: True=Introvert, Predicted=Extrovert, Confidence=0.97"
72,2183,Extrovert,Introvert,0.9339880347251892,9.0,1.0,3.0,3.0,1.0,2.0,2.0,"Sample #72: True=Extrovert, Predicted=Introvert, Confidence=0.93"
73,2192,Extrovert,Introvert,0.5282568335533142,10.0,1.0,2.0,0.0002995104194269,0.0,1.0,1.0,"Sample #73: True=Extrovert, Predicted=Introvert, Confidence=0.53"
74,2197,Introvert,Extrovert,0.9976492524147034,2.0,0.0,9.0,0.0011681569194479,0.0,11.0,8.0,"Sample #74: True=Introvert, Predicted=Extrovert, Confidence=1.00"
75,2203,Introvert,Extrovert,0.9508746266365051,0.0,0.0,0.0121931198751553,6.0,0.0,12.0,8.0,"Sample #75: True=Introvert, Predicted=Extrovert, Confidence=0.95"
76,2234,Extrovert,Introvert,0.8656894564628601,10.0,1.0,1.0,2.0,1.0,2.0,3.0,"Sample #76: True=Extrovert, Predicted=Introvert, Confidence=0.87"
77,2315,Introvert,Extrovert,0.9185075759887695,2.0,0.0,6.0,6.0,0.0,15.0,5.0,"Sample #77: True=Introvert, Predicted=Extrovert, Confidence=0.92"
78,2358,Introvert,Extrovert,0.9844784736633301,0.0,0.0,4.0,4.0,0.0,12.0,6.0,"Sample #78: True=Introvert, Predicted=Extrovert, Confidence=0.98"
79,2473,Extrovert,Introvert,0.9535111784934998,11.0,1.0,3.0,0.0001476143414038,1.0,4.0,2.0,"Sample #79: True=Extrovert, Predicted=Introvert, Confidence=0.95"
80,2526,Introvert,Extrovert,0.9703297019004822,1.0,0.0,5.0,5.0,0.0,10.0,7.0,"Sample #80: True=Introvert, Predicted=Extrovert, Confidence=0.97"
81,2613,Extrovert,Introvert,0.85260409116745,9.0,1.0,2.0,2.0,1.0,2.0,3.0,"Sample #81: True=Extrovert, Predicted=Introvert, Confidence=0.85"
82,2651,Introvert,Extrovert,0.8411445617675781,0.0008133711875416,1.0,3.0,3.0,1.0,4.0,2.0,"Sample #82: True=Introvert, Predicted=Extrovert, Confidence=0.84"
83,2653,Introvert,Extrovert,0.9716053009033203,2.0,0.0,9.0,6.0,0.0,9.0,8.0,"Sample #83: True=Introvert, Predicted=Extrovert, Confidence=0.97"
84,2675,Extrovert,Introvert,0.5078840255737305,6.0,1.0,9.0,1.0,1.0,1.0,2.0,"Sample #84: True=Extrovert, Predicted=Introvert, Confidence=0.51"
85,2694,Introvert,Extrovert,0.9567418098449707,2.0,0.0,4.0,7.0,0.0,4.0,6.0,"Sample #85: True=Introvert, Predicted=Extrovert, Confidence=0.96"
86,2712,Extrovert,Introvert,0.661051332950592,4.0,1.0,4.0,2.0,1.0,5.0,2.0,"Sample #86: True=Extrovert, Predicted=Introvert, Confidence=0.66"
87,2751,Extrovert,Introvert,0.9693340063095093,10.0,1.0,1.0,0.0,1.0,2.0,0.0,"Sample #87: True=Extrovert, Predicted=Introvert, Confidence=0.97"
88,2773,Extrovert,Introvert,0.9606614112854004,4.0,1.0,0.0,2.0,1.0,4.0,0.0011452743900008,"Sample #88: True=Extrovert, Predicted=Introvert, Confidence=0.96"
89,2835,Extrovert,Introvert,0.9615519642829895,5.0,1.0,3.0,1.0,1.0,1.0,1.0,"Sample #89: True=Extrovert, Predicted=Introvert, Confidence=0.96"
90,2884,Introvert,Extrovert,0.6736735105514526,0.0006308265874395,1.0,2.0,2.0,1.0,5.0,0.0,"Sample #90: True=Introvert, Predicted=Extrovert, Confidence=0.67"
91,2906,Extrovert,Introvert,0.8562744855880737,7.0,1.0,0.0,0.0,1.0,3.0,0.0,"Sample #91: True=Extrovert, Predicted=Introvert, Confidence=0.86"
92,3021,Extrovert,Introvert,0.9486048817634583,10.0,1.0,1.0,1.0,1.0,4.0,0.0011569634662009,"Sample #92: True=Extrovert, Predicted=Introvert, Confidence=0.95"
93,3053,Extrovert,Introvert,0.6663689613342285,3.0,0.0,3.0,6.0,0.0,0.0810887390747666,9.0,"Sample #93: True=Extrovert, Predicted=Introvert, Confidence=0.67"
94,3086,Introvert,Extrovert,0.8136943578720093,0.0,0.0,3.0,5.0,0.0,14.0,3.0,"Sample #94: True=Introvert, Predicted=Extrovert, Confidence=0.81"
95,3111,Introvert,Extrovert,0.7587865591049194,0.0014106652582995,1.0,2.0,0.0001476143414038,1.0,4.0,2.0,"Sample #95: True=Introvert, Predicted=Extrovert, Confidence=0.76"
96,3130,Introvert,Extrovert,0.9566110968589783,0.0001099148103094,0.0,9.0,5.0,0.0,12.0,8.0,"Sample #96: True=Introvert, Predicted=Extrovert, Confidence=0.96"
97,3153,Extrovert,Introvert,0.922521710395813,5.0,1.0,3.0,2.0,1.0,0.0,0.0,"Sample #97: True=Extrovert, Predicted=Introvert, Confidence=0.92"
98,3191,Extrovert,Introvert,0.9033034443855286,5.0,1.0,0.0,0.0,1.0,1.0,3.0,"Sample #98: True=Extrovert, Predicted=Introvert, Confidence=0.90"
99,3321,Extrovert,Introvert,0.937514066696167,7.0,1.0,0.0,0.0,1.0,0.0005981698108371,0.0,"Sample #99: True=Extrovert, Predicted=Introvert, Confidence=0.94"
100,3387,Introvert,Extrovert,0.6862048506736755,0.0005153836158569,1.0,2.0,2.0,1.0,3.0,0.0,"Sample #100: True=Introvert, Predicted=Extrovert, Confidence=0.69"
101,3398,Introvert,Extrovert,0.970399022102356,1.0,0.0,5.0,7.0,0.0,6.0,7.0,"Sample #101: True=Introvert, Predicted=Extrovert, Confidence=0.97"
102,3410,Extrovert,Introvert,0.9465597867965698,4.0,1.0,0.0004777865717187,0.0001476143414038,1.0,5.0,1.0,"Sample #102: True=Extrovert, Predicted=Introvert, Confidence=0.95"
103,3470,Extrovert,Introvert,0.9164127707481384,8.0,1.0,1.0,3.0,1.0,5.0,1.0,"Sample #103: True=Extrovert, Predicted=Introvert, Confidence=0.92"
104,3546,Extrovert,Introvert,0.777768611907959,6.0,0.0,0.0,0.0008090756600722,0.0,4.0,2.0,"Sample #104: True=Extrovert, Predicted=Introvert, Confidence=0.78"
105,3558,Introvert,Extrovert,0.913940966129303,2.0,0.0,7.0,7.0,0.0,14.0,10.0,"Sample #105: True=Introvert, Predicted=Extrovert, Confidence=0.91"
106,3565,Extrovert,Introvert,0.9778050184249878,7.0,1.0,1.0,0.0,1.0,1.0,0.0012330613273661,"Sample #106: True=Extrovert, Predicted=Introvert, Confidence=0.98"
107,3621,Introvert,Extrovert,0.9571213722229004,2.0,0.0,8.0,7.0,0.0,11.0,5.0,"Sample #107: True=Introvert, Predicted=Extrovert, Confidence=0.96"
108,3642,Extrovert,Introvert,0.8368539214134216,7.0,1.0,0.0,0.0,1.0,4.0,1.0,"Sample #108: True=Extrovert, Predicted=Introvert, Confidence=0.84"
109,3657,Introvert,Extrovert,0.9745686650276184,0.0001099148103094,0.0,7.0,6.0,0.0,15.0,10.0,"Sample #109: True=Introvert, Predicted=Extrovert, Confidence=0.97"
110,3670,Extrovert,Introvert,0.9268775582313538,5.0,1.0,3.0,0.0,1.0,0.000640492295497,3.0,"Sample #110: True=Extrovert, Predicted=Introvert, Confidence=0.93"
111,3680,Introvert,Extrovert,0.8665198683738708,1.0,0.0,3.0,7.0,0.0,7.0,3.0,"Sample #111: True=Introvert, Predicted=Extrovert, Confidence=0.87"
112,3682,Introvert,Extrovert,0.9407237768173218,3.0,0.0,0.0385705878958106,4.0,0.0,10.0,7.0,"Sample #112: True=Introvert, Predicted=Extrovert, Confidence=0.94"
113,3693,Extrovert,Introvert,0.9474565386772156,4.0,1.0,2.0,0.0,1.0,5.0,3.0,"Sample #113: True=Extrovert, Predicted=Introvert, Confidence=0.95"
114,3697,Introvert,Extrovert,0.9505038261413574,1.0,0.0,9.0,7.0,0.0,11.0,7.0,"Sample #114: True=Introvert, Predicted=Extrovert, Confidence=0.95"
115,3700,Extrovert,Introvert,0.5562148094177246,9.0,0.0,3.0,2.0,0.0,4.0,2.0,"Sample #115: True=Extrovert, Predicted=Introvert, Confidence=0.56"
116,3710,Introvert,Extrovert,0.9889004826545715,0.0001099148103094,0.0,8.0,7.0,0.0,6.0,0.0172952363500371,"Sample #116: True=Introvert, Predicted=Extrovert, Confidence=0.99"
117,3743,Extrovert,Introvert,0.6262994408607483,11.0,1.0,1.0,3.0,1.0,4.0,3.0,"Sample #117: True=Extrovert, Predicted=Introvert, Confidence=0.63"
118,3757,Introvert,Extrovert,0.6924548149108887,0.0006308265874395,1.0,2.0,2.0,1.0,5.0,1.0,"Sample #118: True=Introvert, Predicted=Extrovert, Confidence=0.69"
119,3810,Extrovert,Introvert,0.9404999613761902,7.0,1.0,1.0,1.0,1.0,0.0005861999234184,2.0,"Sample #119: True=Extrovert, Predicted=Introvert, Confidence=0.94"
120,3827,Introvert,Extrovert,0.9857093691825867,2.0,0.0,8.0,5.0,0.0,9.0,0.0087706598686054,"Sample #120: True=Introvert, Predicted=Extrovert, Confidence=0.99"
121,3833,Introvert,Extrovert,0.9758051633834839,0.0,0.0,8.0,3.0,0.0,9.0,8.0,"Sample #121: True=Introvert, Predicted=Extrovert, Confidence=0.98"
122,3840,Introvert,Extrovert,0.9179013967514038,2.0,0.0,4.0,7.0,0.0,15.0,4.0,"Sample #122: True=Introvert, Predicted=Extrovert, Confidence=0.92"
123,3855,Extrovert,Introvert,0.8870137333869934,8.0,1.0,3.0,4.0,1.0,2.0,1.0,"Sample #123: True=Extrovert, Predicted=Introvert, Confidence=0.89"
124,3859,Introvert,Extrovert,0.9885764718055725,0.0001099148103094,0.0,6.0,6.0,0.0,6.0,0.0181310977670364,"Sample #124: True=Introvert, Predicted=Extrovert, Confidence=0.99"
125,3863,Introvert,Extrovert,0.7514328956604004,1.0,0.0,6.0,4.0,0.0,3.0,7.0,"Sample #125: True=Introvert, Predicted=Extrovert, Confidence=0.75"
126,3896,Introvert,Extrovert,0.9820391535758972,0.0001099148103094,0.0,4.0,6.0,0.0,9.0,3.0,"Sample #126: True=Introvert, Predicted=Extrovert, Confidence=0.98"
127,4067,Introvert,Extrovert,0.7620809078216553,0.0005153836158569,1.0,2.0,2.0,1.0,3.0,2.0,"Sample #127: True=Introvert, Predicted=Extrovert, Confidence=0.76"
128,4082,Introvert,Extrovert,0.9561885595321655,1.0,0.0,9.0,7.0,0.0,12.0,4.0,"Sample #128: True=Introvert, Predicted=Extrovert, Confidence=0.96"
129,4117,Extrovert,Introvert,0.9135229587554932,8.0,1.0,1.0,1.0,1.0,0.0,2.0,"Sample #129: True=Extrovert, Predicted=Introvert, Confidence=0.91"
130,4223,Introvert,Extrovert,0.9814634323120117,2.0,0.0,4.0,6.0,0.0,8.0,5.0,"Sample #130: True=Introvert, Predicted=Extrovert, Confidence=0.98"
131,4226,Introvert,Extrovert,0.9738718867301941,0.0001099148103094,0.0,7.0,6.0,0.0,9.0,5.0,"Sample #131: True=Introvert, Predicted=Extrovert, Confidence=0.97"
132,4252,Extrovert,Introvert,0.8772777318954468,9.0,1.0,2.0,0.0,1.0,3.0,1.0,"Sample #132: True=Extrovert, Predicted=Introvert, Confidence=0.88"
133,4258,Introvert,Extrovert,0.9696962237358093,0.0001099148103094,0.0,6.0,5.0,0.0,13.0,8.0,"Sample #133: True=Introvert, Predicted=Extrovert, Confidence=0.97"
134,4340,Introvert,Extrovert,0.9740862846374512,2.0,0.0,6.0,3.0,0.0,15.0,5.0,"Sample #134: True=Introvert, Predicted=Extrovert, Confidence=0.97"
135,4411,Introvert,Extrovert,0.9783195853233337,2.0,0.0,0.0169660475570708,6.0,0.0,11.0,5.0,"Sample #135: True=Introvert, Predicted=Extrovert, Confidence=0.98"
136,4427,Extrovert,Introvert,0.8911358118057251,11.0,1.0,2.0,0.0,1.0,4.0,0.0,"Sample #136: True=Extrovert, Predicted=Introvert, Confidence=0.89"
137,4452,Introvert,Extrovert,0.9221416711807251,3.0,0.0,8.0,7.0,0.0,5.0,6.0,"Sample #137: True=Introvert, Predicted=Extrovert, Confidence=0.92"
138,4460,Introvert,Extrovert,0.9593785405158997,0.0,0.0,0.0125899720296729,7.0,0.0,14.0,5.0,"Sample #138: True=Introvert, Predicted=Extrovert, Confidence=0.96"
139,4463,Introvert,Extrovert,0.9745965600013733,1.0,0.0,8.0,5.0,0.0,7.0,7.0,"Sample #139: True=Introvert, Predicted=Extrovert, Confidence=0.97"
140,4490,Introvert,Extrovert,0.8886167407035828,2.0,0.0,6.0,5.0,0.0,0.0387644736096262,4.0,"Sample #140: True=Introvert, Predicted=Extrovert, Confidence=0.89"
141,4516,Extrovert,Introvert,0.8810860514640808,8.0,1.0,1.0,3.0,1.0,4.0,0.0,"Sample #141: True=Extrovert, Predicted=Introvert, Confidence=0.88"
142,4519,Introvert,Extrovert,0.9902662038803101,3.0,0.0,9.0,3.0,0.0,9.0,3.0,"Sample #142: True=Introvert, Predicted=Extrovert, Confidence=0.99"
143,4548,Introvert,Extrovert,0.9794233441352844,0.0,0.0,7.0,3.0,0.0,10.0,9.0,"Sample #143: True=Introvert, Predicted=Extrovert, Confidence=0.98"
144,4565,Extrovert,Introvert,0.9337239861488342,6.0,1.0,2.0,2.0,1.0,4.0,3.0,"Sample #144: True=Extrovert, Predicted=Introvert, Confidence=0.93"
145,4598,Introvert,Extrovert,0.9158239364624023,0.0,0.0,10.0,6.0,0.0,13.0,4.0,"Sample #145: True=Introvert, Predicted=Extrovert, Confidence=0.92"
146,4608,Introvert,Extrovert,0.9781904220581055,2.0,0.0,7.0,6.0,0.0,7.0,4.0,"Sample #146: True=Introvert, Predicted=Extrovert, Confidence=0.98"
147,4623,Introvert,Extrovert,0.9374367594718933,2.0,0.0,7.0,7.0,0.0,6.0,5.0,"Sample #147: True=Introvert, Predicted=Extrovert, Confidence=0.94"
148,4637,Introvert,Extrovert,0.9788479208946228,2.0,0.0,10.0,4.0,0.0,6.0,7.0,"Sample #148: True=Introvert, Predicted=Extrovert, Confidence=0.98"
149,4673,Extrovert,Introvert,0.5341352224349976,0.0016339106485247,1.0,3.0,0.0001485045751906,1.0,4.0,0.0,"Sample #149: True=Extrovert, Predicted=Introvert, Confidence=0.53"
150,4677,Introvert,Extrovert,0.9658377766609192,1.0,0.0,8.0,3.0,0.0,4.0,6.0,"Sample #150: True=Introvert, Predicted=Extrovert, Confidence=0.97"
151,4727,Extrovert,Introvert,0.7532651424407959,1.0,0.0,3.0,6.0,0.0,0.0353429918875917,3.0,"Sample #151: True=Extrovert, Predicted=Introvert, Confidence=0.75"
152,4796,Introvert,Extrovert,0.9528797268867493,1.0,0.0,6.0,6.0,0.0,15.0,3.0,"Sample #152: True=Introvert, Predicted=Extrovert, Confidence=0.95"
153,4894,Introvert,Extrovert,0.9679243564605713,3.0,0.0,0.0256482707336545,7.0,0.0,12.0,6.0,"Sample #153: True=Introvert, Predicted=Extrovert, Confidence=0.97"
154,4898,Introvert,Extrovert,0.9746505618095398,1.0,0.0,9.0,0.0015314243733882,0.0,5.0,4.0,"Sample #154: True=Introvert, Predicted=Extrovert, Confidence=0.97"
155,4938,Introvert,Extrovert,0.7700110077857971,0.0006308265874395,1.0,2.0,0.0,1.0,5.0,2.0,"Sample #155: True=Introvert, Predicted=Extrovert, Confidence=0.77"
156,4943,Introvert,Extrovert,0.9671425223350525,1.0,0.0,9.0,5.0,0.0,4.0,6.0,"Sample #156: True=Introvert, Predicted=Extrovert, Confidence=0.97"
157,4963,Introvert,Extrovert,0.8921846747398376,3.0,0.0,3.0,5.0,0.0,5.0,8.0,"Sample #157: True=Introvert, Predicted=Extrovert, Confidence=0.89"
158,5025,Extrovert,Introvert,0.7493532299995422,7.0,1.0,4.0,2.0,1.0,2.0,1.0,"Sample #158: True=Extrovert, Predicted=Introvert, Confidence=0.75"
159,5041,Extrovert,Introvert,0.9334696531295776,9.0,1.0,1.0,2.0,1.0,3.0,1.0,"Sample #159: True=Extrovert, Predicted=Introvert, Confidence=0.93"
160,5045,Extrovert,Introvert,0.9411515593528748,9.0,1.0,3.0,3.0,1.0,3.0,0.0021839445340447,"Sample #160: True=Extrovert, Predicted=Introvert, Confidence=0.94"
161,5048,Introvert,Extrovert,0.984209418296814,3.0,0.0,4.0,5.0,0.0,8.0,3.0,"Sample #161: True=Introvert, Predicted=Extrovert, Confidence=0.98"
162,5064,Introvert,Extrovert,0.9605597853660583,1.0,0.0,5.0,6.0,0.0,15.0,8.0,"Sample #162: True=Introvert, Predicted=Extrovert, Confidence=0.96"
163,5081,Extrovert,Introvert,0.9882515072822571,11.0,1.0,3.0,1.0,1.0,0.0004501740157138,0.0,"Sample #163: True=Extrovert, Predicted=Introvert, Confidence=0.99"
164,5157,Extrovert,Introvert,0.9061951041221619,6.0,1.0,1.0,2.0,1.0,3.0,2.0,"Sample #164: True=Extrovert, Predicted=Introvert, Confidence=0.91"
165,5205,Extrovert,Introvert,0.9270941019058228,7.0,1.0,2.0,3.0,1.0,4.0,3.0,"Sample #165: True=Extrovert, Predicted=Introvert, Confidence=0.93"
166,5261,Introvert,Extrovert,0.7133198976516724,0.0006791475811041,1.0,2.0,1.0,1.0,5.0,2.0,"Sample #166: True=Introvert, Predicted=Extrovert, Confidence=0.71"
167,5272,Introvert,Extrovert,0.9820199608802795,2.0,0.0,5.0,6.0,0.0,11.0,6.0,"Sample #167: True=Introvert, Predicted=Extrovert, Confidence=0.98"
168,5337,Introvert,Extrovert,0.9812934994697571,3.0,0.0,9.0,7.0,0.0,7.0,7.0,"Sample #168: True=Introvert, Predicted=Extrovert, Confidence=0.98"
169,5362,Introvert,Extrovert,0.9322353005409241,3.0,0.0,7.0,7.0,0.0,15.0,8.0,"Sample #169: True=Introvert, Predicted=Extrovert, Confidence=0.93"
170,5383,Extrovert,Introvert,0.8687797784805298,7.0,1.0,2.0,0.0,1.0,3.0,0.0,"Sample #170: True=Extrovert, Predicted=Introvert, Confidence=0.87"
171,5493,Introvert,Extrovert,0.9742291569709778,0.0,0.0,5.0,3.0,0.0,4.0,5.0,"Sample #171: True=Introvert, Predicted=Extrovert, Confidence=0.97"
172,5506,Extrovert,Introvert,0.930249035358429,8.0,1.0,3.0,2.0,1.0,4.0,0.0016181519371457,"Sample #172: True=Extrovert, Predicted=Introvert, Confidence=0.93"
173,5512,Introvert,Extrovert,0.9884055852890015,3.0,0.0,8.0,3.0,0.0,9.0,6.0,"Sample #173: True=Introvert, Predicted=Extrovert, Confidence=0.99"
174,5573,Extrovert,Introvert,0.9768402576446533,6.0,1.0,1.0,0.0,1.0,1.0,0.0012330613273661,"Sample #174: True=Extrovert, Predicted=Introvert, Confidence=0.98"
175,5601,Introvert,Extrovert,0.993790864944458,0.0,0.0,8.0,3.0,0.0,13.0,3.0,"Sample #175: True=Introvert, Predicted=Extrovert, Confidence=0.99"
176,5657,Introvert,Extrovert,0.9460878372192383,0.0,0.0,9.0,4.0,0.0,10.0,8.0,"Sample #176: True=Introvert, Predicted=Extrovert, Confidence=0.95"
177,5689,Extrovert,Introvert,0.9350268244743347,4.0,1.0,3.0,0.0001476143414038,1.0,3.0,2.0,"Sample #177: True=Extrovert, Predicted=Introvert, Confidence=0.94"
178,5758,Extrovert,Introvert,0.5167374014854431,3.0,0.0,0.1009644484147429,5.0,0.0,0.1408248528838157,3.0,"Sample #178: True=Extrovert, Predicted=Introvert, Confidence=0.52"
179,5766,Extrovert,Introvert,0.9256061911582947,5.0,1.0,0.0,0.0002130655673681,1.0,0.0006002762151183,2.0,"Sample #179: True=Extrovert, Predicted=Introvert, Confidence=0.93"
180,5862,Introvert,Extrovert,0.9249693155288696,0.0,0.0,7.0,7.0,0.0,5.0,5.0,"Sample #180: True=Introvert, Predicted=Extrovert, Confidence=0.92"
181,5871,Introvert,Extrovert,0.9191217422485352,1.0,0.0,5.0,7.0,0.0,13.0,10.0,"Sample #181: True=Introvert, Predicted=Extrovert, Confidence=0.92"
182,5894,Extrovert,Introvert,0.9226611256599426,7.0,1.0,2.0,0.0,1.0,2.0,0.0012330613273661,"Sample #182: True=Extrovert, Predicted=Introvert, Confidence=0.92"
183,5906,Introvert,Extrovert,0.9905611276626587,2.0,0.0,7.0,4.0,0.0,7.0,4.0,"Sample #183: True=Introvert, Predicted=Extrovert, Confidence=0.99"
184,5940,Extrovert,Introvert,0.7656569480895996,6.0,1.0,0.0,0.0001476143414038,1.0,1.0,2.0,"Sample #184: True=Extrovert, Predicted=Introvert, Confidence=0.77"
185,5941,Introvert,Extrovert,0.8517179489135742,2.0,0.0,7.0,4.0,0.0,0.0689407974481582,9.0,"Sample #185: True=Introvert, Predicted=Extrovert, Confidence=0.85"
186,5962,Introvert,Extrovert,0.9488964676856995,1.0,0.0,8.0,7.0,0.0,11.0,7.0,"Sample #186: True=Introvert, Predicted=Extrovert, Confidence=0.95"
187,5992,Extrovert,Introvert,0.8709961771965027,8.0,1.0,0.0,1.0,1.0,3.0,3.0,"Sample #187: True=Extrovert, Predicted=Introvert, Confidence=0.87"
188,6031,Extrovert,Introvert,0.8687797784805298,7.0,1.0,2.0,0.0,1.0,3.0,0.0012330613273661,"Sample #188: True=Extrovert, Predicted=Introvert, Confidence=0.87"
189,6074,Introvert,Extrovert,0.5125660300254822,0.001112559280591,1.0,3.0,0.0,1.0,5.0,1.0,"Sample #189: True=Introvert, Predicted=Extrovert, Confidence=0.51"
190,6137,Introvert,Extrovert,0.9792605638504028,3.0,0.0,4.0,5.0,0.0,14.0,0.0260465723229572,"Sample #190: True=Introvert, Predicted=Extrovert, Confidence=0.98"
191,6162,Introvert,Extrovert,0.9573848247528076,1.0,0.0,7.0,7.0,0.0,12.0,5.0,"Sample #191: True=Introvert, Predicted=Extrovert, Confidence=0.96"
192,6171,Introvert,Extrovert,0.9852907657623291,0.0001099148103094,0.0,9.0,3.0,0.0,12.0,3.0,"Sample #192: True=Introvert, Predicted=Extrovert, Confidence=0.99"
193,6283,Introvert,Extrovert,0.6826305985450745,9.0,0.0,4.0,4.0,0.0,7.0,6.0,"Sample #193: True=Introvert, Predicted=Extrovert, Confidence=0.68"
194,6306,Introvert,Extrovert,0.9222732186317444,3.0,0.0,6.0,5.0,0.0,15.0,5.0,"Sample #194: True=Introvert, Predicted=Extrovert, Confidence=0.92"
195,6477,Extrovert,Introvert,0.9175816774368286,8.0,1.0,3.0,0.0,1.0,1.0,1.0,"Sample #195: True=Extrovert, Predicted=Introvert, Confidence=0.92"
196,6549,Introvert,Extrovert,0.6106867790222168,5.0,0.0,7.0,7.0,0.0,8.0,4.0,"Sample #196: True=Introvert, Predicted=Extrovert, Confidence=0.61"
197,6593,Introvert,Extrovert,0.96869295835495,0.0,0.0,7.0,3.0,0.0,8.0,7.0,"Sample #197: True=Introvert, Predicted=Extrovert, Confidence=0.97"
198,6605,Extrovert,Introvert,0.9207763671875,10.0,1.0,1.0,2.0,1.0,2.0,0.0,"Sample #198: True=Extrovert, Predicted=Introvert, Confidence=0.92"
199,6667,Introvert,Extrovert,0.965201735496521,0.0,0.0,6.0,7.0,0.0,5.0,7.0,"Sample #199: True=Introvert, Predicted=Extrovert, Confidence=0.97"
200,6670,Introvert,Extrovert,0.9718277454376221,2.0,0.0,5.0,7.0,0.0,9.0,9.0,"Sample #200: True=Introvert, Predicted=Extrovert, Confidence=0.97"
201,6698,Introvert,Extrovert,0.9083507657051086,1.0,0.0,8.0,7.0,0.0,6.0,7.0,"Sample #201: True=Introvert, Predicted=Extrovert, Confidence=0.91"
202,6741,Introvert,Extrovert,0.7794049382209778,2.0,0.0,3.0,5.0,0.0,5.0,9.0,"Sample #202: True=Introvert, Predicted=Extrovert, Confidence=0.78"
203,6759,Extrovert,Introvert,0.9512587785720825,9.0,1.0,0.0,2.0,1.0,5.0,1.0,"Sample #203: True=Extrovert, Predicted=Introvert, Confidence=0.95"
204,6912,Extrovert,Introvert,0.9047529697418213,8.0,1.0,3.0,3.0,1.0,5.0,0.0,"Sample #204: True=Extrovert, Predicted=Introvert, Confidence=0.90"
205,6997,Introvert,Extrovert,0.7075253129005432,0.0009023929596878,1.0,3.0,1.0,1.0,5.0,2.0,"Sample #205: True=Introvert, Predicted=Extrovert, Confidence=0.71"
206,7042,Introvert,Extrovert,0.7569187879562378,0.0008540719456505,1.0,3.0,0.0,1.0,5.0,3.0,"Sample #206: True=Introvert, Predicted=Extrovert, Confidence=0.76"
207,7046,Introvert,Extrovert,0.6460975408554077,0.000738628959516,1.0,3.0,2.0,1.0,3.0,2.0,"Sample #207: True=Introvert, Predicted=Extrovert, Confidence=0.65"
208,7067,Introvert,Extrovert,0.9490197896957397,1.0,0.0,6.0,5.0,0.0,15.0,9.0,"Sample #208: True=Introvert, Predicted=Extrovert, Confidence=0.95"
209,7075,Extrovert,Introvert,0.9569798707962036,10.0,1.0,1.0,2.0,1.0,0.0,1.0,"Sample #209: True=Extrovert, Predicted=Introvert, Confidence=0.96"
210,7079,Introvert,Extrovert,0.5143194794654846,-0.0011713958985637,1.0,3.0,2.0,1.0,14.0,0.0,"Sample #210: True=Introvert, Predicted=Extrovert, Confidence=0.51"
211,7095,Introvert,Extrovert,0.9254618883132935,3.0,0.0,3.0,6.0,0.0,8.0,8.0,"Sample #211: True=Introvert, Predicted=Extrovert, Confidence=0.93"
212,7141,Introvert,Extrovert,0.9805727005004883,2.0,0.0,9.0,5.0,0.0,11.0,9.0,"Sample #212: True=Introvert, Predicted=Extrovert, Confidence=0.98"
213,7152,Introvert,Extrovert,0.9808393716812134,1.0,0.0,7.0,5.0,0.0,12.0,9.0,"Sample #213: True=Introvert, Predicted=Extrovert, Confidence=0.98"
214,7160,Extrovert,Introvert,0.8890514969825745,6.0,1.0,0.0,2.0,1.0,4.0,2.0,"Sample #214: True=Extrovert, Predicted=Introvert, Confidence=0.89"
215,7183,Introvert,Extrovert,0.9714446067810059,1.0,0.0,6.0,7.0,0.0,9.0,4.0,"Sample #215: True=Introvert, Predicted=Extrovert, Confidence=0.97"
216,7210,Extrovert,Introvert,0.7161592841148376,6.0,1.0,0.0,1.0,1.0,0.0,2.0,"Sample #216: True=Extrovert, Predicted=Introvert, Confidence=0.72"
217,7228,Introvert,Extrovert,0.8788049221038818,0.0,0.0,10.0,5.0,0.0,12.0,6.0,"Sample #217: True=Introvert, Predicted=Extrovert, Confidence=0.88"
218,7239,Introvert,Extrovert,0.9159672260284424,0.0,0.0,3.0,5.0,0.0,6.0,9.0,"Sample #218: True=Introvert, Predicted=Extrovert, Confidence=0.92"
219,7296,Extrovert,Introvert,0.5829703211784363,3.0,0.0,3.0,5.0,0.0,0.076726614870131,8.0,"Sample #219: True=Extrovert, Predicted=Introvert, Confidence=0.58"
220,7339,Extrovert,Introvert,0.8330040574073792,7.0,1.0,0.0,2.0,1.0,2.0,2.0,"Sample #220: True=Extrovert, Predicted=Introvert, Confidence=0.83"
221,7342,Introvert,Extrovert,0.706508457660675,0.0005153836158569,1.0,2.0,2.0,1.0,3.0,1.0,"Sample #221: True=Introvert, Predicted=Extrovert, Confidence=0.71"
222,7348,Introvert,Extrovert,0.9950132369995117,2.0,0.0,5.0,3.0,0.0,11.0,3.0,"Sample #222: True=Introvert, Predicted=Extrovert, Confidence=1.00"
223,7373,Introvert,Extrovert,0.9768442511558533,0.0001099148103094,0.0,8.0,5.0,0.0,11.0,0.0226007785415276,"Sample #223: True=Introvert, Predicted=Extrovert, Confidence=0.98"
224,7384,Extrovert,Introvert,0.9027217626571655,10.0,1.0,4.0,0.0,1.0,2.0,2.0,"Sample #224: True=Extrovert, Predicted=Introvert, Confidence=0.90"
225,7410,Introvert,Extrovert,0.9870659112930298,2.0,0.0,7.0,4.0,0.0,14.0,4.0,"Sample #225: True=Introvert, Predicted=Extrovert, Confidence=0.99"
226,7414,Introvert,Extrovert,0.6862048506736755,0.0005153836158569,1.0,2.0,2.0,1.0,3.0,0.0009126461343839,"Sample #226: True=Introvert, Predicted=Extrovert, Confidence=0.69"
227,7423,Extrovert,Introvert,0.8573446273803711,6.0,1.0,1.0,2.0,1.0,2.0,2.0,"Sample #227: True=Extrovert, Predicted=Introvert, Confidence=0.86"
228,7455,Introvert,Extrovert,0.9529010653495789,3.0,0.0,0.0415161305107176,6.0,0.0,12.0,5.0,"Sample #228: True=Introvert, Predicted=Extrovert, Confidence=0.95"
229,7477,Introvert,Extrovert,0.5220835208892822,4.0,0.0,2.0,7.0,0.0,5.0,9.0,"Sample #229: True=Introvert, Predicted=Extrovert, Confidence=0.52"
230,7536,Introvert,Extrovert,0.950430154800415,1.0,0.0,8.0,7.0,0.0,8.0,5.0,"Sample #230: True=Introvert, Predicted=Extrovert, Confidence=0.95"
231,7554,Introvert,Extrovert,0.9611492156982422,0.0030249133589677,0.0,0.0,4.0,0.0,5.0,6.0,"Sample #231: True=Introvert, Predicted=Extrovert, Confidence=0.96"
232,7566,Extrovert,Introvert,0.884784460067749,5.0,1.0,1.0,3.0,1.0,4.0,0.0,"Sample #232: True=Extrovert, Predicted=Introvert, Confidence=0.88"
233,7571,Introvert,Extrovert,0.9382145404815674,3.0,0.0,7.0,5.0,0.0,15.0,3.0,"Sample #233: True=Introvert, Predicted=Extrovert, Confidence=0.94"
234,7576,Introvert,Extrovert,0.992709755897522,2.0,0.0,6.0,4.0,0.0,7.0,5.0,"Sample #234: True=Introvert, Predicted=Extrovert, Confidence=0.99"
235,7600,Extrovert,Introvert,0.8372029662132263,10.0,0.0,3.0,4.0,0.0,-0.0935054220259189,1.0,"Sample #235: True=Extrovert, Predicted=Introvert, Confidence=0.84"
236,7616,Introvert,Extrovert,0.5805831551551819,4.0,0.0,3.0,4.0,0.0,5.0,1.0,"Sample #236: True=Introvert, Predicted=Extrovert, Confidence=0.58"
237,7696,Extrovert,Introvert,0.933513343334198,10.0,1.0,1.0,1.0,1.0,5.0,1.0,"Sample #237: True=Extrovert, Predicted=Introvert, Confidence=0.93"
238,7706,Introvert,Extrovert,0.9659554958343506,1.0,0.0,7.0,5.0,0.0,13.0,7.0,"Sample #238: True=Introvert, Predicted=Extrovert, Confidence=0.97"
239,7711,Introvert,Extrovert,0.9869880676269531,3.0,0.0,8.0,6.0,0.0,7.0,4.0,"Sample #239: True=Introvert, Predicted=Extrovert, Confidence=0.99"
240,7726,Extrovert,Introvert,0.8837534189224243,7.0,1.0,0.0004769390681758,1.0,1.0,5.0,1.0,"Sample #240: True=Extrovert, Predicted=Introvert, Confidence=0.88"
241,7727,Introvert,Extrovert,0.9640077352523804,0.0001099148103094,0.0,8.0,5.0,0.0,14.0,0.025627876445651,"Sample #241: True=Introvert, Predicted=Extrovert, Confidence=0.96"
242,7759,Extrovert,Introvert,0.9125242233276367,9.0,1.0,1.0,0.0,1.0,4.0,0.0,"Sample #242: True=Extrovert, Predicted=Introvert, Confidence=0.91"
243,7783,Extrovert,Introvert,0.7907757759094238,6.0,1.0,0.0004305210750317,2.0,1.0,2.0,2.0,"Sample #243: True=Extrovert, Predicted=Introvert, Confidence=0.79"
244,7801,Extrovert,Introvert,0.9627551436424255,4.0,1.0,0.0,2.0,1.0,0.0005685364943929,0.0,"Sample #244: True=Extrovert, Predicted=Introvert, Confidence=0.96"
245,7813,Introvert,Extrovert,0.9877931475639343,3.0,0.0,5.0,5.0,0.0,11.0,4.0,"Sample #245: True=Introvert, Predicted=Extrovert, Confidence=0.99"
246,7829,Extrovert,Introvert,0.8526791334152222,11.0,1.0,2.0,0.0001565604376082,1.0,0.0,1.0,"Sample #246: True=Extrovert, Predicted=Introvert, Confidence=0.85"
247,7837,Extrovert,Introvert,0.7072428464889526,5.0,1.0,0.0,0.0,1.0,5.0,6.0,"Sample #247: True=Extrovert, Predicted=Introvert, Confidence=0.71"
248,7859,Extrovert,Introvert,0.8784065842628479,5.0,1.0,0.0,2.0,1.0,0.0,3.0,"Sample #248: True=Extrovert, Predicted=Introvert, Confidence=0.88"
249,7862,Introvert,Extrovert,0.9775277376174927,0.0,0.0,4.0,7.0,0.0,8.0,8.0,"Sample #249: True=Introvert, Predicted=Extrovert, Confidence=0.98"
250,7881,Introvert,Extrovert,0.9918389916419983,2.0,0.0,9.0,5.0,0.0,6.0,10.0,"Sample #250: True=Introvert, Predicted=Extrovert, Confidence=0.99"
251,7902,Introvert,Extrovert,0.7133840322494507,3.0,0.0,5.0,3.0,0.0,0.0576952762901783,9.0,"Sample #251: True=Introvert, Predicted=Extrovert, Confidence=0.71"
252,7913,Introvert,Extrovert,0.973081648349762,1.0,0.0,7.0,7.0,0.0,11.0,9.0,"Sample #252: True=Introvert, Predicted=Extrovert, Confidence=0.97"
253,7918,Introvert,Extrovert,0.9823594093322754,3.0,0.0,3.0,4.0,0.0,14.0,4.0,"Sample #253: True=Introvert, Predicted=Extrovert, Confidence=0.98"
254,7931,Introvert,Extrovert,0.9751682281494141,0.0,0.0,5.0,7.0,0.0,5.0,9.0,"Sample #254: True=Introvert, Predicted=Extrovert, Confidence=0.98"
255,7992,Extrovert,Introvert,0.6548638343811035,2.0,0.0,3.0,6.0,0.0,0.0794456036761403,9.0,"Sample #255: True=Extrovert, Predicted=Introvert, Confidence=0.65"
256,8002,Introvert,Extrovert,0.9668843746185303,0.0,0.0,7.0,5.0,0.0,13.0,8.0,"Sample #256: True=Introvert, Predicted=Extrovert, Confidence=0.97"
257,8056,Extrovert,Introvert,0.9428667426109314,5.0,1.0,2.0,3.0,1.0,5.0,1.0,"Sample #257: True=Extrovert, Predicted=Introvert, Confidence=0.94"
258,8080,Introvert,Extrovert,0.5125660300254822,0.0008540719456505,1.0,3.0,0.0,1.0,5.0,1.0,"Sample #258: True=Introvert, Predicted=Extrovert, Confidence=0.51"
259,8092,Introvert,Extrovert,0.9702730774879456,1.0,0.0,8.0,7.0,0.0,13.0,8.0,"Sample #259: True=Introvert, Predicted=Extrovert, Confidence=0.97"
260,8113,Introvert,Extrovert,0.9674447178840637,2.0,0.0,9.0,5.0,0.0,14.0,4.0,"Sample #260: True=Introvert, Predicted=Extrovert, Confidence=0.97"
261,8117,Introvert,Extrovert,0.9612173438072205,1.0,0.0,9.0,4.0,0.0,10.0,8.0,"Sample #261: True=Introvert, Predicted=Extrovert, Confidence=0.96"
262,8145,Introvert,Extrovert,0.9564175009727478,0.0,0.0,8.0,4.0,0.0,5.0,7.0,"Sample #262: True=Introvert, Predicted=Extrovert, Confidence=0.96"
263,8204,Extrovert,Introvert,0.6407389640808105,9.0,1.0,3.0,2.0,1.0,7.0,4.0,"Sample #263: True=Extrovert, Predicted=Introvert, Confidence=0.64"
264,8233,Introvert,Extrovert,0.9462665915489197,0.0,0.0,4.0,0.0010514625661016,0.0,15.0,7.0,"Sample #264: True=Introvert, Predicted=Extrovert, Confidence=0.95"
265,8276,Introvert,Extrovert,0.9585544466972351,0.0001099148103094,0.0,6.0,5.0,0.0,12.0,6.0,"Sample #265: True=Introvert, Predicted=Extrovert, Confidence=0.96"
266,8284,Extrovert,Introvert,0.9357077479362488,7.0,1.0,3.0,3.0,1.0,2.0,3.0,"Sample #266: True=Extrovert, Predicted=Introvert, Confidence=0.94"
267,8291,Extrovert,Introvert,0.9691854119300842,10.0,1.0,0.0,2.0,1.0,3.0,0.0011099423747509,"Sample #267: True=Extrovert, Predicted=Introvert, Confidence=0.97"
268,8318,Introvert,Extrovert,0.9894029498100281,1.0,0.0,5.0,4.0,0.0,11.0,3.0,"Sample #268: True=Introvert, Predicted=Extrovert, Confidence=0.99"
269,8350,Introvert,Extrovert,0.9778159856796265,0.0,0.0,6.0,6.0,0.0,7.0,6.0,"Sample #269: True=Introvert, Predicted=Extrovert, Confidence=0.98"
270,8377,Introvert,Extrovert,0.9903362989425659,3.0,0.0,5.0,3.0,0.0,9.0,8.0,"Sample #270: True=Introvert, Predicted=Extrovert, Confidence=0.99"
271,8394,Introvert,Extrovert,0.9818422198295593,0.0001099148103094,0.0,5.0,3.0,0.0,15.0,6.0,"Sample #271: True=Introvert, Predicted=Extrovert, Confidence=0.98"
272,8440,Extrovert,Introvert,0.9390960931777954,9.0,1.0,2.0,2.0,1.0,4.0,0.0,"Sample #272: True=Extrovert, Predicted=Introvert, Confidence=0.94"
273,8452,Introvert,Extrovert,0.9774609804153442,0.0001099148103094,0.0,8.0,6.0,0.0,11.0,3.0,"Sample #273: True=Introvert, Predicted=Extrovert, Confidence=0.98"
274,8501,Introvert,Extrovert,0.9840573072433472,1.0,0.0,6.0,0.0007894046400906,0.0,10.0,9.0,"Sample #274: True=Introvert, Predicted=Extrovert, Confidence=0.98"
275,8578,Introvert,Extrovert,0.9486096501350403,1.0,0.0,8.0,6.0,0.0,8.0,10.0,"Sample #275: True=Introvert, Predicted=Extrovert, Confidence=0.95"
276,8608,Introvert,Extrovert,0.8076761960983276,5.0,0.0,7.0,3.0,0.0,10.0,5.0,"Sample #276: True=Introvert, Predicted=Extrovert, Confidence=0.81"
277,8659,Introvert,Extrovert,0.9720613956451416,2.0,0.0,7.0,6.0,0.0,11.0,4.0,"Sample #277: True=Introvert, Predicted=Extrovert, Confidence=0.97"
278,8688,Extrovert,Introvert,0.8992357850074768,8.0,1.0,2.0,0.0,1.0,3.0,3.0,"Sample #278: True=Extrovert, Predicted=Introvert, Confidence=0.90"
279,8760,Extrovert,Introvert,0.8971274495124817,10.0,1.0,2.0,0.0,1.0,3.0,0.0012279956426937,"Sample #279: True=Extrovert, Predicted=Introvert, Confidence=0.90"
280,8803,Extrovert,Introvert,0.8892984390258789,4.0,1.0,2.0,0.0,1.0,2.0,1.0,"Sample #280: True=Extrovert, Predicted=Introvert, Confidence=0.89"
281,8842,Introvert,Extrovert,0.980586588382721,0.0,0.0,6.0,3.0,0.0,5.0,3.0,"Sample #281: True=Introvert, Predicted=Extrovert, Confidence=0.98"
282,8847,Introvert,Extrovert,0.8607666492462158,3.0,0.0,8.0,4.0,0.0,0.0494893860071897,8.0,"Sample #282: True=Introvert, Predicted=Extrovert, Confidence=0.86"
283,8859,Introvert,Extrovert,0.9048821926116943,4.0,0.0,9.0,7.0,0.0,9.0,6.0,"Sample #283: True=Introvert, Predicted=Extrovert, Confidence=0.90"
284,8923,Introvert,Extrovert,0.9528113007545471,0.0,0.0,9.0,6.0,0.0,11.0,5.0,"Sample #284: True=Introvert, Predicted=Extrovert, Confidence=0.95"
285,9012,Introvert,Extrovert,0.9711498022079468,1.0,0.0,4.0,6.0,0.0,4.0,4.0,"Sample #285: True=Introvert, Predicted=Extrovert, Confidence=0.97"
286,9018,Extrovert,Introvert,0.9000579118728638,10.0,1.0,0.0,1.0,1.0,3.0,0.0,"Sample #286: True=Extrovert, Predicted=Introvert, Confidence=0.90"
287,9025,Introvert,Extrovert,0.788241982460022,0.0,0.0,3.0,5.0,0.0,14.0,9.0,"Sample #287: True=Introvert, Predicted=Extrovert, Confidence=0.79"
288,9040,Extrovert,Introvert,0.904288113117218,4.0,1.0,1.0,3.0,1.0,5.0,0.0,"Sample #288: True=Extrovert, Predicted=Introvert, Confidence=0.90"
289,9157,Extrovert,Introvert,0.9817376136779785,7.0,1.0,3.0,0.0001485045751906,1.0,1.0,0.0,"Sample #289: True=Extrovert, Predicted=Introvert, Confidence=0.98"
290,9178,Introvert,Extrovert,0.9847480058670044,3.0,0.0,6.0,5.0,0.0,9.0,6.0,"Sample #290: True=Introvert, Predicted=Extrovert, Confidence=0.98"
291,9218,Extrovert,Introvert,0.6874973177909851,3.0,1.0,0.0,0.0,1.0,4.0,2.0,"Sample #291: True=Extrovert, Predicted=Introvert, Confidence=0.69"
292,9278,Extrovert,Introvert,0.6207485198974609,3.0,1.0,2.0,2.0,1.0,2.0,2.0,"Sample #292: True=Extrovert, Predicted=Introvert, Confidence=0.62"
293,9306,Introvert,Extrovert,0.9617753624916077,4.0,0.0,5.0,7.0,0.0,10.0,10.0,"Sample #293: True=Introvert, Predicted=Extrovert, Confidence=0.96"
294,9311,Extrovert,Introvert,0.8442651033401489,11.0,1.0,0.0,0.0,1.0,4.0,1.0,"Sample #294: True=Extrovert, Predicted=Introvert, Confidence=0.84"
295,9317,Extrovert,Introvert,0.9534384608268738,10.0,1.0,3.0,1.0,1.0,4.0,1.0,"Sample #295: True=Extrovert, Predicted=Introvert, Confidence=0.95"
296,9363,Introvert,Extrovert,0.9724982380867004,0.0,0.0,8.0,5.0,0.0,5.0,5.0,"Sample #296: True=Introvert, Predicted=Extrovert, Confidence=0.97"
297,9410,Introvert,Extrovert,0.9639638066291809,1.0,0.0,8.0,5.0,0.0,15.0,4.0,"Sample #297: True=Introvert, Predicted=Extrovert, Confidence=0.96"
298,9423,Introvert,Extrovert,0.7587865591049194,0.0005901258293306,1.0,2.0,0.0,1.0,4.0,2.0,"Sample #298: True=Introvert, Predicted=Extrovert, Confidence=0.76"
299,9445,Introvert,Extrovert,0.8441067934036255,4.0,0.0,4.0,4.0,0.0,15.0,4.0,"Sample #299: True=Introvert, Predicted=Extrovert, Confidence=0.84"
300,9487,Extrovert,Introvert,0.9218800663948059,6.0,1.0,3.0,3.0,1.0,0.0006701237987726,2.0,"Sample #300: True=Extrovert, Predicted=Introvert, Confidence=0.92"
301,9501,Extrovert,Introvert,0.8867376446723938,6.0,1.0,2.0,2.0,1.0,0.0006097692239563,2.0,"Sample #301: True=Extrovert, Predicted=Introvert, Confidence=0.89"
302,9521,Extrovert,Introvert,0.9181791543960571,11.0,1.0,2.0,3.0,1.0,4.0,0.0,"Sample #302: True=Extrovert, Predicted=Introvert, Confidence=0.92"
303,9555,Introvert,Extrovert,0.5316190719604492,4.0,1.0,6.0,0.0001274039124837,1.0,8.0,2.0,"Sample #303: True=Introvert, Predicted=Extrovert, Confidence=0.53"
304,9578,Extrovert,Introvert,0.9477031826972961,5.0,1.0,2.0,2.0,1.0,5.0,3.0,"Sample #304: True=Extrovert, Predicted=Introvert, Confidence=0.95"
305,9601,Introvert,Extrovert,0.9815335869789124,3.0,0.0,6.0,7.0,0.0,8.0,6.0,"Sample #305: True=Introvert, Predicted=Extrovert, Confidence=0.98"
306,9628,Extrovert,Introvert,0.6802568435668945,5.0,1.0,1.0,6.0,1.0,4.0,3.0,"Sample #306: True=Extrovert, Predicted=Introvert, Confidence=0.68"
307,9636,Introvert,Extrovert,0.9864057302474976,3.0,0.0,8.0,7.0,0.0,6.0,0.0164395708881784,"Sample #307: True=Introvert, Predicted=Extrovert, Confidence=0.99"
308,9716,Introvert,Extrovert,0.9696975350379944,1.0,0.0,3.0,7.0,0.0,11.0,7.0,"Sample #308: True=Introvert, Predicted=Extrovert, Confidence=0.97"
309,9730,Extrovert,Introvert,0.6017740964889526,3.0,0.0,8.0,7.0,0.0,0.0578507215715944,7.0,"Sample #309: True=Extrovert, Predicted=Introvert, Confidence=0.60"
310,9738,Introvert,Extrovert,0.9817268252372742,1.0,0.0,6.0,5.0,0.0,11.0,0.021276538685197,"Sample #310: True=Introvert, Predicted=Extrovert, Confidence=0.98"
311,9750,Extrovert,Introvert,0.9452375769615173,6.0,1.0,0.0,3.0,1.0,3.0,0.0,"Sample #311: True=Extrovert, Predicted=Introvert, Confidence=0.95"
312,9818,Introvert,Extrovert,0.9733226299285889,3.0,0.0,4.0,4.0,0.0,15.0,7.0,"Sample #312: True=Introvert, Predicted=Extrovert, Confidence=0.97"
313,9830,Extrovert,Introvert,0.7050477266311646,11.0,1.0,3.0,5.0,1.0,4.0,1.0,"Sample #313: True=Extrovert, Predicted=Introvert, Confidence=0.71"
314,9894,Introvert,Extrovert,0.9075971245765686,0.0,0.0,3.0,6.0,0.0,10.0,7.0,"Sample #314: True=Introvert, Predicted=Extrovert, Confidence=0.91"
315,9916,Introvert,Extrovert,0.5126971006393433,0.000528407699312,1.0,0.0,2.0,1.0,4.0,1.0,"Sample #315: True=Introvert, Predicted=Extrovert, Confidence=0.51"
316,10004,Extrovert,Introvert,0.9412102699279785,6.0,1.0,2.0,0.0,1.0,4.0,1.0,"Sample #316: True=Extrovert, Predicted=Introvert, Confidence=0.94"
317,10022,Extrovert,Introvert,0.8810860514640808,8.0,1.0,1.0,3.0,1.0,4.0,0.0018238038290292,"Sample #317: True=Extrovert, Predicted=Introvert, Confidence=0.88"
318,10027,Extrovert,Introvert,0.9310881495475769,9.0,1.0,1.0,0.0,1.0,3.0,2.0,"Sample #318: True=Extrovert, Predicted=Introvert, Confidence=0.93"
319,10080,Extrovert,Introvert,0.9841895699501038,5.0,1.0,2.0,0.0002139558011549,1.0,0.000543761922745,0.0,"Sample #319: True=Extrovert, Predicted=Introvert, Confidence=0.98"
320,10120,Introvert,Extrovert,0.9444486498832703,0.0,0.0,3.0,7.0,0.0,7.0,4.0,"Sample #320: True=Introvert, Predicted=Extrovert, Confidence=0.94"
321,10149,Extrovert,Introvert,0.8942419290542603,8.0,1.0,1.0,2.0,1.0,1.0,2.0,"Sample #321: True=Extrovert, Predicted=Introvert, Confidence=0.89"
322,10164,Introvert,Extrovert,0.9698492884635925,2.0,0.0,10.0,5.0,0.0,9.0,5.0,"Sample #322: True=Introvert, Predicted=Extrovert, Confidence=0.97"
323,10169,Introvert,Extrovert,0.9704276919364929,0.0,0.0,6.0,5.0,0.0,14.0,8.0,"Sample #323: True=Introvert, Predicted=Extrovert, Confidence=0.97"
324,10243,Introvert,Extrovert,0.7725452780723572,5.0,0.0,8.0,5.0,0.0,15.0,3.0,"Sample #324: True=Introvert, Predicted=Extrovert, Confidence=0.77"
325,10254,Introvert,Extrovert,0.9725496768951416,3.0,0.0,8.0,7.0,0.0,12.0,7.0,"Sample #325: True=Introvert, Predicted=Extrovert, Confidence=0.97"
326,10282,Introvert,Extrovert,0.9709557294845581,0.0,0.0,0.0394728271290659,6.0,0.0,8.0,10.0,"Sample #326: True=Introvert, Predicted=Extrovert, Confidence=0.97"
327,10331,Introvert,Extrovert,0.6533280611038208,2.0,0.0,8.0,7.0,0.0,0.0569735861383378,6.0,"Sample #327: True=Introvert, Predicted=Extrovert, Confidence=0.65"
328,10374,Extrovert,Introvert,0.8416424989700317,11.0,1.0,0.0,0.0,1.0,0.0005428237345768,1.0,"Sample #328: True=Extrovert, Predicted=Introvert, Confidence=0.84"
329,10398,Introvert,Extrovert,0.7133198976516724,0.0006791475811041,1.0,2.0,1.0,1.0,5.0,2.0,"Sample #329: True=Introvert, Predicted=Extrovert, Confidence=0.71"
330,10427,Introvert,Extrovert,0.8975618481636047,1.0,0.0,6.0,5.0,0.0,15.0,7.0,"Sample #330: True=Introvert, Predicted=Extrovert, Confidence=0.90"
331,10450,Introvert,Extrovert,0.5716463923454285,0.000528407699312,1.0,0.0,3.0,1.0,4.0,3.0,"Sample #331: True=Introvert, Predicted=Extrovert, Confidence=0.57"
332,10474,Extrovert,Introvert,0.7075809240341187,6.0,1.0,0.0,2.0,1.0,8.0,3.0,"Sample #332: True=Extrovert, Predicted=Introvert, Confidence=0.71"
333,10479,Introvert,Extrovert,0.8408005833625793,3.0,0.0,3.0,6.0,0.0,10.0,3.0,"Sample #333: True=Introvert, Predicted=Extrovert, Confidence=0.84"
334,10480,Introvert,Extrovert,0.9785205125808716,1.0,0.0,7.0,4.0,0.0,6.0,7.0,"Sample #334: True=Introvert, Predicted=Extrovert, Confidence=0.98"
335,10482,Introvert,Extrovert,0.9508703947067261,2.0,0.0,0.025545764202252,4.0,0.0,10.0,8.0,"Sample #335: True=Introvert, Predicted=Extrovert, Confidence=0.95"
336,10497,Introvert,Extrovert,0.9546737670898438,0.0001099148103094,0.0,7.0,5.0,0.0,10.0,6.0,"Sample #336: True=Introvert, Predicted=Extrovert, Confidence=0.95"
337,10510,Extrovert,Introvert,0.9433108568191528,7.0,1.0,3.0,2.0,1.0,5.0,0.0,"Sample #337: True=Extrovert, Predicted=Introvert, Confidence=0.94"
338,10614,Extrovert,Introvert,0.580779492855072,4.0,0.0,3.0,0.0,1.0,5.0,-0.0014690990152303,"Sample #338: True=Extrovert, Predicted=Introvert, Confidence=0.58"
339,10634,Extrovert,Introvert,0.8930404782295227,0.0005074240471003,1.0,1.0,3.0,1.0,0.0,2.0,"Sample #339: True=Extrovert, Predicted=Introvert, Confidence=0.89"
340,10642,Introvert,Extrovert,0.9909070134162903,1.0,0.0,9.0,5.0,0.0,8.0,0.0052943865652196,"Sample #340: True=Introvert, Predicted=Extrovert, Confidence=0.99"
341,10648,Introvert,Extrovert,0.7722727060317993,0.0016339106485247,1.0,3.0,0.0001728523580823,1.0,4.0,3.0,"Sample #341: True=Introvert, Predicted=Extrovert, Confidence=0.77"
342,10657,Introvert,Extrovert,0.8127868175506592,2.0,0.0,3.0,7.0,0.0,8.0,9.0,"Sample #342: True=Introvert, Predicted=Extrovert, Confidence=0.81"
343,10669,Introvert,Extrovert,0.9903473258018494,1.0,0.0,4.0,4.0,0.0,6.0,4.0,"Sample #343: True=Introvert, Predicted=Extrovert, Confidence=0.99"
344,10710,Introvert,Extrovert,0.7140921354293823,0.0008133711875416,1.0,3.0,2.0,1.0,4.0,1.0,"Sample #344: True=Introvert, Predicted=Extrovert, Confidence=0.71"
345,10723,Introvert,Extrovert,0.8756519556045532,4.0,0.0,6.0,6.0,0.0,4.0,5.0,"Sample #345: True=Introvert, Predicted=Extrovert, Confidence=0.88"
346,10752,Extrovert,Introvert,0.9267489314079285,8.0,1.0,2.0,0.0001476143414038,1.0,2.0,1.0,"Sample #346: True=Extrovert, Predicted=Introvert, Confidence=0.93"
347,10756,Extrovert,Introvert,0.9571301341056824,9.0,1.0,0.0004238384717609,0.0,1.0,1.0,2.0,"Sample #347: True=Extrovert, Predicted=Introvert, Confidence=0.96"
348,10761,Extrovert,Introvert,0.9257399439811707,9.0,1.0,2.0,0.0,1.0,1.0,3.0,"Sample #348: True=Extrovert, Predicted=Introvert, Confidence=0.93"
349,10801,Extrovert,Introvert,0.9616461992263794,8.0,1.0,2.0,1.0,1.0,2.0,0.0011196110106538,"Sample #349: True=Extrovert, Predicted=Introvert, Confidence=0.96"
350,10834,Extrovert,Introvert,0.8215219378471375,8.0,1.0,2.0,2.0,1.0,0.0,1.0,"Sample #350: True=Extrovert, Predicted=Introvert, Confidence=0.82"
351,10844,Introvert,Extrovert,0.7557288408279419,8.0,0.0,8.0,6.0,0.0,12.0,4.0,"Sample #351: True=Introvert, Predicted=Extrovert, Confidence=0.76"
352,10854,Extrovert,Introvert,0.8261595964431763,9.0,1.0,0.0,2.0,1.0,2.0,2.0,"Sample #352: True=Extrovert, Predicted=Introvert, Confidence=0.83"
353,10882,Extrovert,Introvert,0.9054572582244873,7.0,1.0,0.0,1.0,1.0,5.0,0.0,"Sample #353: True=Extrovert, Predicted=Introvert, Confidence=0.91"
354,10888,Extrovert,Introvert,0.71307373046875,11.0,1.0,1.0,3.0,1.0,5.0,2.0,"Sample #354: True=Extrovert, Predicted=Introvert, Confidence=0.71"
355,11006,Introvert,Extrovert,0.9649961590766907,0.0,0.0,4.0,6.0,0.0,10.0,5.0,"Sample #355: True=Introvert, Predicted=Extrovert, Confidence=0.96"
356,11036,Introvert,Extrovert,0.9560723900794983,1.0,0.0,4.0,4.0,0.0,14.0,0.0211972274351865,"Sample #356: True=Introvert, Predicted=Extrovert, Confidence=0.96"
357,11044,Introvert,Extrovert,0.8677437901496887,3.0,0.0,3.0,6.0,0.0,7.0,3.0,"Sample #357: True=Introvert, Predicted=Extrovert, Confidence=0.87"
358,11046,Extrovert,Introvert,0.8648114800453186,11.0,1.0,2.0,0.0,1.0,3.0,2.0,"Sample #358: True=Extrovert, Predicted=Introvert, Confidence=0.86"
359,11081,Extrovert,Introvert,0.8019757866859436,7.0,1.0,3.0,2.0,1.0,0.0,1.0,"Sample #359: True=Extrovert, Predicted=Introvert, Confidence=0.80"
360,11148,Introvert,Extrovert,0.567719042301178,0.0017098532407544,1.0,2.0,9.533241754979826e-05,1.0,5.0,1.0,"Sample #360: True=Introvert, Predicted=Extrovert, Confidence=0.57"
361,11244,Introvert,Extrovert,0.6960521936416626,0.0008133711875416,1.0,3.0,2.0,1.0,4.0,0.0,"Sample #361: True=Introvert, Predicted=Extrovert, Confidence=0.70"
362,11247,Introvert,Extrovert,0.98726487159729,2.0,0.0,7.0,3.0,0.0,7.0,9.0,"Sample #362: True=Introvert, Predicted=Extrovert, Confidence=0.99"
363,11255,Introvert,Extrovert,0.9492649435997009,0.0,0.0,5.0,5.0,0.0,14.0,7.0,"Sample #363: True=Introvert, Predicted=Extrovert, Confidence=0.95"
364,11259,Introvert,Extrovert,0.9685336947441101,0.0,0.0,3.0,3.0,0.0,12.0,5.0,"Sample #364: True=Introvert, Predicted=Extrovert, Confidence=0.97"
365,11334,Introvert,Extrovert,0.9266219139099121,0.0001099148103094,0.0,7.0,7.0,0.0,10.0,7.0,"Sample #365: True=Introvert, Predicted=Extrovert, Confidence=0.93"
366,11340,Introvert,Extrovert,0.5071824789047241,7.0,0.0,5.0,6.0,0.0,10.0,10.0,"Sample #366: True=Introvert, Predicted=Extrovert, Confidence=0.51"
367,11360,Introvert,Extrovert,0.9419116377830505,0.0001099148103094,0.0,8.0,7.0,0.0,10.0,6.0,"Sample #367: True=Introvert, Predicted=Extrovert, Confidence=0.94"
368,11456,Introvert,Extrovert,0.9518072009086609,1.0,0.0,8.0,7.0,0.0,14.0,5.0,"Sample #368: True=Introvert, Predicted=Extrovert, Confidence=0.95"
369,11464,Extrovert,Introvert,0.6352070569992065,0.0,0.0,8.0,7.0,0.0,0.0426426150370389,7.0,"Sample #369: True=Extrovert, Predicted=Introvert, Confidence=0.64"
370,11467,Extrovert,Introvert,0.9102277755737305,9.0,1.0,0.0004341994499554,2.0,1.0,3.0,2.0,"Sample #370: True=Extrovert, Predicted=Introvert, Confidence=0.91"
371,11472,Extrovert,Introvert,0.9589046239852905,5.0,1.0,1.0,2.0,1.0,3.0,0.0,"Sample #371: True=Extrovert, Predicted=Introvert, Confidence=0.96"
372,11545,Extrovert,Introvert,0.8764650821685791,5.0,1.0,1.0,0.0,1.0,0.0,2.0,"Sample #372: True=Extrovert, Predicted=Introvert, Confidence=0.88"
373,11546,Extrovert,Introvert,0.9369686245918274,8.0,1.0,0.0,0.0,1.0,1.0,0.001240873360075,"Sample #373: True=Extrovert, Predicted=Introvert, Confidence=0.94"
374,11557,Extrovert,Introvert,0.916480541229248,9.0,1.0,1.0,0.0001476143414038,1.0,3.0,1.0,"Sample #374: True=Extrovert, Predicted=Introvert, Confidence=0.92"
375,11608,Extrovert,Introvert,0.9535735845565796,7.0,1.0,2.0,2.0,1.0,1.0,1.0,"Sample #375: True=Extrovert, Predicted=Introvert, Confidence=0.95"
376,11613,Extrovert,Introvert,0.6548057794570923,7.0,1.0,5.0,0.0,1.0,5.0,0.0,"Sample #376: True=Extrovert, Predicted=Introvert, Confidence=0.65"
377,11615,Introvert,Extrovert,0.909598171710968,4.0,0.0,8.0,6.0,0.0,10.0,7.0,"Sample #377: True=Introvert, Predicted=Extrovert, Confidence=0.91"
378,11625,Extrovert,Introvert,0.985789954662323,9.0,1.0,3.0,1.0,1.0,1.0,2.0,"Sample #378: True=Extrovert, Predicted=Introvert, Confidence=0.99"
379,11627,Extrovert,Introvert,0.9147599935531616,4.0,1.0,2.0,2.0,1.0,3.0,5.0,"Sample #379: True=Extrovert, Predicted=Introvert, Confidence=0.91"
380,11715,Introvert,Extrovert,0.9793511629104614,2.0,0.0,7.0,6.0,0.0,7.0,9.0,"Sample #380: True=Introvert, Predicted=Extrovert, Confidence=0.98"
381,11739,Introvert,Extrovert,0.5016441941261292,0.0005153836158569,1.0,1.0,2.0,1.0,3.0,0.0,"Sample #381: True=Introvert, Predicted=Extrovert, Confidence=0.50"
382,11758,Extrovert,Introvert,0.9109423160552979,6.0,1.0,0.0,0.0001485045751906,1.0,1.0,0.0,"Sample #382: True=Extrovert, Predicted=Introvert, Confidence=0.91"
383,11781,Introvert,Extrovert,0.971128523349762,0.0001099148103094,0.0,7.0,5.0,0.0,8.0,7.0,"Sample #383: True=Introvert, Predicted=Extrovert, Confidence=0.97"
384,11794,Introvert,Extrovert,0.9613261818885803,4.0,0.0,9.0,5.0,0.0,15.0,6.0,"Sample #384: True=Introvert, Predicted=Extrovert, Confidence=0.96"
385,11820,Extrovert,Introvert,0.9440248012542725,7.0,1.0,0.0,2.0,1.0,5.0,1.0,"Sample #385: True=Extrovert, Predicted=Introvert, Confidence=0.94"
386,11847,Introvert,Extrovert,0.9711763858795166,0.0,0.0,7.0,5.0,0.0,10.0,3.0,"Sample #386: True=Introvert, Predicted=Extrovert, Confidence=0.97"
387,11875,Extrovert,Introvert,0.7931085228919983,11.0,1.0,1.0,1.0,1.0,0.0,2.0,"Sample #387: True=Extrovert, Predicted=Introvert, Confidence=0.79"
388,11936,Introvert,Extrovert,0.9756946563720703,2.0,0.0,9.0,5.0,0.0,6.0,9.0,"Sample #388: True=Introvert, Predicted=Extrovert, Confidence=0.98"
389,11937,Extrovert,Introvert,0.888960599899292,10.0,1.0,2.0,2.0,1.0,2.0,2.0,"Sample #389: True=Extrovert, Predicted=Introvert, Confidence=0.89"
390,11961,Introvert,Extrovert,0.9569861888885498,0.0,0.0,6.0,5.0,0.0,10.0,6.0,"Sample #390: True=Introvert, Predicted=Extrovert, Confidence=0.96"
391,11962,Extrovert,Introvert,0.9038234949111938,5.0,1.0,1.0,2.0,1.0,2.0,2.0,"Sample #391: True=Extrovert, Predicted=Introvert, Confidence=0.90"
392,11981,Introvert,Extrovert,0.9553401470184326,0.0,0.0,7.0,5.0,0.0,14.0,5.0,"Sample #392: True=Introvert, Predicted=Extrovert, Confidence=0.96"
393,12061,Extrovert,Introvert,0.9114171862602234,4.0,1.0,0.0,1.0,1.0,3.0,2.0,"Sample #393: True=Extrovert, Predicted=Introvert, Confidence=0.91"
394,12105,Extrovert,Introvert,0.9560546278953552,5.0,1.0,2.0,1.0,1.0,4.0,1.0,"Sample #394: True=Extrovert, Predicted=Introvert, Confidence=0.96"
395,12139,Introvert,Extrovert,0.5836648344993591,3.0,0.0,8.0,7.0,0.0,3.0,9.0,"Sample #395: True=Introvert, Predicted=Extrovert, Confidence=0.58"
396,12170,Introvert,Extrovert,0.9414514303207397,1.0,0.0,3.0,6.0,0.0,5.0,7.0,"Sample #396: True=Introvert, Predicted=Extrovert, Confidence=0.94"
397,12211,Introvert,Extrovert,0.7137614488601685,0.0008540719456505,1.0,3.0,2.0,1.0,5.0,0.0015406972146593,"Sample #397: True=Introvert, Predicted=Extrovert, Confidence=0.71"
398,12254,Introvert,Extrovert,0.9650184512138367,1.0,0.0,9.0,7.0,0.0,12.0,8.0,"Sample #398: True=Introvert, Predicted=Extrovert, Confidence=0.97"
399,12282,Extrovert,Introvert,0.5328436493873596,8.0,1.0,9.0,3.0,1.0,3.0,2.0,"Sample #399: True=Extrovert, Predicted=Introvert, Confidence=0.53"
400,12283,Introvert,Extrovert,0.9433784484863281,0.0001099148103094,0.0,6.0,5.0,0.0,14.0,7.0,"Sample #400: True=Introvert, Predicted=Extrovert, Confidence=0.94"
401,12288,Introvert,Extrovert,0.9865321516990662,3.0,0.0,8.0,6.0,0.0,12.0,7.0,"Sample #401: True=Introvert, Predicted=Extrovert, Confidence=0.99"
402,12294,Extrovert,Introvert,0.5552408695220947,6.0,1.0,5.0,0.0,1.0,3.0,2.0,"Sample #402: True=Extrovert, Predicted=Introvert, Confidence=0.56"
403,12372,Extrovert,Introvert,0.8923272490501404,7.0,1.0,1.0,3.0,1.0,4.0,2.0,"Sample #403: True=Extrovert, Predicted=Introvert, Confidence=0.89"
404,12382,Extrovert,Introvert,0.962611734867096,6.0,1.0,2.0,1.0,1.0,3.0,1.0,"Sample #404: True=Extrovert, Predicted=Introvert, Confidence=0.96"
405,12385,Extrovert,Introvert,0.9467456936836243,9.0,1.0,2.0,3.0,1.0,3.0,0.0,"Sample #405: True=Extrovert, Predicted=Introvert, Confidence=0.95"
406,12399,Introvert,Extrovert,0.6936055421829224,0.0,0.0,3.0,6.0,0.0,3.0,7.0,"Sample #406: True=Introvert, Predicted=Extrovert, Confidence=0.69"
407,12412,Extrovert,Introvert,0.9013025164604187,8.0,1.0,0.0,3.0,1.0,3.0,3.0,"Sample #407: True=Extrovert, Predicted=Introvert, Confidence=0.90"
408,12428,Introvert,Extrovert,0.9628157019615173,0.0,0.0,5.0,5.0,0.0,12.0,4.0,"Sample #408: True=Introvert, Predicted=Extrovert, Confidence=0.96"
409,12439,Extrovert,Introvert,0.8899805545806885,8.0,1.0,0.0,1.0,1.0,1.0,3.0,"Sample #409: True=Extrovert, Predicted=Introvert, Confidence=0.89"
410,12472,Introvert,Extrovert,0.9426882266998291,1.0,0.0,9.0,6.0,0.0,10.0,6.0,"Sample #410: True=Introvert, Predicted=Extrovert, Confidence=0.94"
411,12483,Extrovert,Introvert,0.929080069065094,10.0,1.0,2.0,0.0,1.0,1.0,3.0,"Sample #411: True=Extrovert, Predicted=Introvert, Confidence=0.93"
412,12491,Extrovert,Introvert,0.9403906464576721,8.0,1.0,3.0,1.0,1.0,5.0,3.0,"Sample #412: True=Extrovert, Predicted=Introvert, Confidence=0.94"
413,12517,Extrovert,Introvert,0.9262494444847107,4.0,1.0,0.0004769390681758,2.0,1.0,5.0,2.0,"Sample #413: True=Extrovert, Predicted=Introvert, Confidence=0.93"
414,12555,Extrovert,Introvert,0.9165893197059631,4.0,1.0,3.0,0.0,1.0,3.0,3.0,"Sample #414: True=Extrovert, Predicted=Introvert, Confidence=0.92"
415,12569,Extrovert,Introvert,0.8760436177253723,4.0,1.0,3.0,3.0,1.0,0.0,1.0,"Sample #415: True=Extrovert, Predicted=Introvert, Confidence=0.88"
416,12607,Introvert,Extrovert,0.9875345230102539,2.0,0.0,5.0,0.0015005887020379,0.0,6.0,8.0,"Sample #416: True=Introvert, Predicted=Extrovert, Confidence=0.99"
417,12635,Introvert,Extrovert,0.9757078289985657,2.0,0.0,7.0,6.0,0.0,5.0,8.0,"Sample #417: True=Introvert, Predicted=Extrovert, Confidence=0.98"
418,12666,Introvert,Extrovert,0.9723680019378662,3.0,0.0,9.0,6.0,0.0,4.0,9.0,"Sample #418: True=Introvert, Predicted=Extrovert, Confidence=0.97"
419,12714,Extrovert,Introvert,0.8695017695426941,-0.0002598784660222,1.0,0.0005784766326542,0.0,1.0,3.0,1.0,"Sample #419: True=Extrovert, Predicted=Introvert, Confidence=0.87"
420,12788,Extrovert,Introvert,0.9101888537406921,6.0,1.0,1.0,3.0,1.0,5.0,2.0,"Sample #420: True=Extrovert, Predicted=Introvert, Confidence=0.91"
421,12811,Introvert,Extrovert,0.8814535140991211,0.0,0.0,7.0,7.0,0.0,15.0,7.0,"Sample #421: True=Introvert, Predicted=Extrovert, Confidence=0.88"
422,12833,Extrovert,Introvert,0.8325613737106323,4.0,1.0,3.0,0.0,1.0,1.0,3.0,"Sample #422: True=Extrovert, Predicted=Introvert, Confidence=0.83"
423,12838,Extrovert,Introvert,0.6010189056396484,3.0,1.0,0.0,2.0,1.0,3.0,0.0,"Sample #423: True=Extrovert, Predicted=Introvert, Confidence=0.60"
424,12869,Introvert,Extrovert,0.9722011089324951,0.0,0.0,5.0,6.0,0.0,5.0,7.0,"Sample #424: True=Introvert, Predicted=Extrovert, Confidence=0.97"
425,12880,Extrovert,Introvert,0.8261595964431763,9.0,1.0,0.0,2.0,1.0,2.0,2.0,"Sample #425: True=Extrovert, Predicted=Introvert, Confidence=0.83"
426,12898,Introvert,Extrovert,0.9091830849647522,2.0,0.0,0.0328623129986226,7.0,0.0,11.0,10.0,"Sample #426: True=Introvert, Predicted=Extrovert, Confidence=0.91"
427,12901,Introvert,Extrovert,0.9766051173210144,0.0,0.0,4.0,5.0,0.0,4.0,9.0,"Sample #427: True=Introvert, Predicted=Extrovert, Confidence=0.98"
428,12907,Extrovert,Introvert,0.9258070588111877,10.0,1.0,0.0,1.0,1.0,1.0,0.0,"Sample #428: True=Extrovert, Predicted=Introvert, Confidence=0.93"
429,12912,Introvert,Extrovert,0.9675644040107727,4.0,0.0,9.0,5.0,0.0,12.0,8.0,"Sample #429: True=Introvert, Predicted=Extrovert, Confidence=0.97"
430,12919,Introvert,Extrovert,0.7004051804542542,0.0006384468229953,1.0,2.0,1.0,1.0,4.0,2.0,"Sample #430: True=Introvert, Predicted=Extrovert, Confidence=0.70"
431,12942,Introvert,Extrovert,0.9637282490730286,0.0,0.0,9.0,7.0,0.0,8.0,4.0,"Sample #431: True=Introvert, Predicted=Extrovert, Confidence=0.96"
432,12983,Introvert,Extrovert,0.9778159856796265,0.0001099148103094,0.0,6.0,6.0,0.0,7.0,6.0,"Sample #432: True=Introvert, Predicted=Extrovert, Confidence=0.98"
433,13033,Extrovert,Introvert,0.91593998670578,9.0,1.0,2.0,2.0,1.0,4.0,3.0,"Sample #433: True=Extrovert, Predicted=Introvert, Confidence=0.92"
434,13037,Extrovert,Introvert,0.8745410442352295,4.0,1.0,3.0,0.0,1.0,1.0,1.0,"Sample #434: True=Extrovert, Predicted=Introvert, Confidence=0.87"
435,13041,Introvert,Extrovert,0.9236583709716797,2.0,0.0,5.0,6.0,0.0,15.0,4.0,"Sample #435: True=Introvert, Predicted=Extrovert, Confidence=0.92"
436,13126,Introvert,Extrovert,0.9641644954681396,2.0,0.0,6.0,7.0,0.0,14.0,3.0,"Sample #436: True=Introvert, Predicted=Extrovert, Confidence=0.96"
437,13140,Extrovert,Introvert,0.9804915189743042,9.0,1.0,3.0,0.0,1.0,0.0005671000661095,1.0,"Sample #437: True=Extrovert, Predicted=Introvert, Confidence=0.98"
438,13158,Introvert,Extrovert,0.8985782861709595,4.0,0.0,5.0,7.0,0.0,13.0,7.0,"Sample #438: True=Introvert, Predicted=Extrovert, Confidence=0.90"
439,13172,Introvert,Extrovert,0.9837872385978699,0.0001099148103094,0.0,10.0,6.0,0.0,15.0,8.0,"Sample #439: True=Introvert, Predicted=Extrovert, Confidence=0.98"
440,13173,Introvert,Extrovert,0.8871644735336304,2.0,0.0,6.0,5.0,0.0,15.0,4.0,"Sample #440: True=Introvert, Predicted=Extrovert, Confidence=0.89"
441,13225,Extrovert,Introvert,0.8092396855354309,11.0,1.0,0.0,0.0,1.0,0.0,2.0,"Sample #441: True=Extrovert, Predicted=Introvert, Confidence=0.81"
442,13269,Extrovert,Introvert,0.9875764846801758,4.0,1.0,1.0,2.0,1.0,0.0,0.0,"Sample #442: True=Extrovert, Predicted=Introvert, Confidence=0.99"
443,13296,Introvert,Extrovert,0.8347564935684204,0.0008133711875416,1.0,3.0,3.0,1.0,4.0,3.0,"Sample #443: True=Introvert, Predicted=Extrovert, Confidence=0.83"
444,13344,Extrovert,Introvert,0.903516411781311,11.0,1.0,1.0,2.0,1.0,3.0,0.0,"Sample #444: True=Extrovert, Predicted=Introvert, Confidence=0.90"
445,13395,Extrovert,Introvert,0.7833724617958069,11.0,1.0,1.0,0.0,1.0,0.0,2.0,"Sample #445: True=Extrovert, Predicted=Introvert, Confidence=0.78"
446,13444,Extrovert,Introvert,0.8774234652519226,9.0,1.0,0.0,1.0,1.0,4.0,1.0,"Sample #446: True=Extrovert, Predicted=Introvert, Confidence=0.88"
447,13447,Extrovert,Introvert,0.9491873383522034,4.0,1.0,3.0,0.0,1.0,4.0,0.0,"Sample #447: True=Extrovert, Predicted=Introvert, Confidence=0.95"
448,13460,Introvert,Extrovert,0.9428018927574158,4.0,0.0,6.0,6.0,0.0,7.0,6.0,"Sample #448: True=Introvert, Predicted=Extrovert, Confidence=0.94"
449,13477,Introvert,Extrovert,0.961566686630249,0.0,0.0,8.0,7.0,0.0,10.0,9.0,"Sample #449: True=Introvert, Predicted=Extrovert, Confidence=0.96"
450,13484,Extrovert,Introvert,0.9143726229667664,6.0,1.0,0.0,9.533241754979826e-05,1.0,4.0,1.0,"Sample #450: True=Extrovert, Predicted=Introvert, Confidence=0.91"
451,13491,Introvert,Extrovert,0.9616507291793823,0.0,0.0,4.0,6.0,0.0,12.0,7.0,"Sample #451: True=Introvert, Predicted=Extrovert, Confidence=0.96"
452,13508,Introvert,Extrovert,0.9672781229019165,2.0,0.0,7.0,7.0,0.0,11.0,8.0,"Sample #452: True=Introvert, Predicted=Extrovert, Confidence=0.97"
453,13521,Introvert,Extrovert,0.9841014742851257,3.0,0.0,4.0,6.0,0.0,11.0,4.0,"Sample #453: True=Introvert, Predicted=Extrovert, Confidence=0.98"
454,13551,Introvert,Extrovert,0.9647545218467712,2.0,0.0,6.0,5.0,0.0,14.0,4.0,"Sample #454: True=Introvert, Predicted=Extrovert, Confidence=0.96"
455,13577,Introvert,Extrovert,0.9659827351570129,0.0001099148103094,0.0,5.0,7.0,0.0,14.0,3.0,"Sample #455: True=Introvert, Predicted=Extrovert, Confidence=0.97"
456,13599,Introvert,Extrovert,0.9879617691040039,0.0001099148103094,0.0,6.0,3.0,0.0,8.0,6.0,"Sample #456: True=Introvert, Predicted=Extrovert, Confidence=0.99"
457,13608,Introvert,Extrovert,0.9369240999221802,3.0,0.0,6.0,5.0,0.0,15.0,9.0,"Sample #457: True=Introvert, Predicted=Extrovert, Confidence=0.94"
458,13620,Extrovert,Introvert,0.9307429790496826,9.0,1.0,3.0,2.0,1.0,5.0,0.0,"Sample #458: True=Extrovert, Predicted=Introvert, Confidence=0.93"
459,13727,Extrovert,Introvert,0.8888973593711853,6.0,1.0,2.0,2.0,1.0,1.0,2.0,"Sample #459: True=Extrovert, Predicted=Introvert, Confidence=0.89"
460,13792,Introvert,Extrovert,0.9828552007675171,0.0,0.0,6.0,4.0,0.0,10.0,3.0,"Sample #460: True=Introvert, Predicted=Extrovert, Confidence=0.98"
461,13799,Extrovert,Introvert,0.9460256099700928,5.0,1.0,2.0,2.0,1.0,5.0,0.0,"Sample #461: True=Extrovert, Predicted=Introvert, Confidence=0.95"
462,13897,Extrovert,Introvert,0.9684300422668457,6.0,1.0,3.0,1.0,1.0,2.0,0.0,"Sample #462: True=Extrovert, Predicted=Introvert, Confidence=0.97"
463,13927,Introvert,Extrovert,0.9725332856178284,0.0001099148103094,0.0,5.0,6.0,0.0,4.0,6.0,"Sample #463: True=Introvert, Predicted=Extrovert, Confidence=0.97"
464,13950,Extrovert,Introvert,0.6204186677932739,3.0,1.0,1.0,2.0,1.0,4.0,1.0,"Sample #464: True=Extrovert, Predicted=Introvert, Confidence=0.62"
465,14083,Introvert,Extrovert,0.9842677116394043,0.0,0.0,7.0,4.0,0.0,7.0,8.0,"Sample #465: True=Introvert, Predicted=Extrovert, Confidence=0.98"
466,14121,Introvert,Extrovert,0.8233168125152588,3.0,0.0,3.0,6.0,0.0,14.0,9.0,"Sample #466: True=Introvert, Predicted=Extrovert, Confidence=0.82"
467,14184,Introvert,Extrovert,0.5914725065231323,3.0,1.0,2.0,2.0,1.0,5.0,0.0,"Sample #467: True=Introvert, Predicted=Extrovert, Confidence=0.59"
468,14188,Extrovert,Introvert,0.9328892230987549,11.0,1.0,2.0,2.0,1.0,1.0,1.0,"Sample #468: True=Extrovert, Predicted=Introvert, Confidence=0.93"
469,14205,Introvert,Extrovert,0.9718909859657288,1.0,0.0,8.0,5.0,0.0,14.0,6.0,"Sample #469: True=Introvert, Predicted=Extrovert, Confidence=0.97"
470,14256,Extrovert,Introvert,0.959087073802948,10.0,1.0,0.0,2.0,1.0,3.0,2.0,"Sample #470: True=Extrovert, Predicted=Introvert, Confidence=0.96"
471,14287,Introvert,Extrovert,0.7620809078216553,0.0005153836158569,1.0,2.0,2.0,1.0,3.0,2.0,"Sample #471: True=Introvert, Predicted=Extrovert, Confidence=0.76"
472,14296,Extrovert,Introvert,0.9052423238754272,5.0,1.0,2.0,0.0,1.0,0.0,1.0,"Sample #472: True=Extrovert, Predicted=Introvert, Confidence=0.91"
473,14378,Introvert,Extrovert,0.9745995402336121,0.0,0.0,5.0,4.0,0.0,14.0,6.0,"Sample #473: True=Introvert, Predicted=Extrovert, Confidence=0.97"
474,14415,Extrovert,Introvert,0.9046575427055359,7.0,1.0,3.0,2.0,1.0,0.0006027651164913,2.0,"Sample #474: True=Extrovert, Predicted=Introvert, Confidence=0.90"
475,14503,Introvert,Extrovert,0.9626193642616272,0.0,0.0,5.0,0.0010514625661016,0.0,14.0,7.0,"Sample #475: True=Introvert, Predicted=Extrovert, Confidence=0.96"
476,14530,Extrovert,Introvert,0.8696900010108948,6.0,1.0,0.0,1.0,1.0,4.0,3.0,"Sample #476: True=Extrovert, Predicted=Introvert, Confidence=0.87"
477,14600,Introvert,Extrovert,0.6246370077133179,0.0005901258293306,1.0,1.0,3.0,1.0,4.0,0.0,"Sample #477: True=Introvert, Predicted=Extrovert, Confidence=0.62"
478,14634,Extrovert,Introvert,0.5324798822402954,2.0,1.0,3.0,0.0,1.0,4.0,2.0,"Sample #478: True=Extrovert, Predicted=Introvert, Confidence=0.53"
479,14729,Extrovert,Introvert,0.9336978197097778,9.0,1.0,3.0,2.0,1.0,2.0,0.0,"Sample #479: True=Extrovert, Predicted=Introvert, Confidence=0.93"
480,14753,Introvert,Extrovert,0.523268461227417,3.0,0.0,3.0,4.0,0.0,3.0,0.0,"Sample #480: True=Introvert, Predicted=Extrovert, Confidence=0.52"
481,14795,Introvert,Extrovert,0.978586733341217,0.0,0.0,8.0,4.0,0.0,14.0,6.0,"Sample #481: True=Introvert, Predicted=Extrovert, Confidence=0.98"
482,14813,Extrovert,Introvert,0.8998748064041138,9.0,1.0,0.0,0.0,1.0,4.0,2.0,"Sample #482: True=Extrovert, Predicted=Introvert, Confidence=0.90"
483,14837,Extrovert,Introvert,0.9218956828117371,8.0,1.0,2.0,1.0,1.0,2.0,2.0,"Sample #483: True=Extrovert, Predicted=Introvert, Confidence=0.92"
484,14847,Introvert,Extrovert,0.9666184186935425,2.0,0.0,9.0,6.0,0.0,15.0,7.0,"Sample #484: True=Introvert, Predicted=Extrovert, Confidence=0.97"
485,14883,Extrovert,Introvert,0.8896084427833557,5.0,1.0,3.0,3.0,1.0,0.0,1.0,"Sample #485: True=Extrovert, Predicted=Introvert, Confidence=0.89"
486,14898,Extrovert,Introvert,0.9430402517318726,5.0,1.0,0.0,1.0,1.0,4.0,-0.0002535140120016,"Sample #486: True=Extrovert, Predicted=Introvert, Confidence=0.94"
487,14950,Introvert,Extrovert,0.6042275428771973,0.000738628959516,1.0,3.0,2.0,1.0,3.0,1.0,"Sample #487: True=Introvert, Predicted=Extrovert, Confidence=0.60"
488,14954,Extrovert,Introvert,0.9037211537361145,10.0,1.0,3.0,2.0,1.0,2.0,3.0,"Sample #488: True=Extrovert, Predicted=Introvert, Confidence=0.90"
489,14983,Introvert,Extrovert,0.5523613691329956,0.0014106652582995,1.0,2.0,0.0001476143414038,1.0,4.0,1.0,"Sample #489: True=Introvert, Predicted=Extrovert, Confidence=0.55"
490,14989,Introvert,Extrovert,0.510154128074646,0.0005901258293306,1.0,1.0,2.0,1.0,4.0,1.0,"Sample #490: True=Introvert, Predicted=Extrovert, Confidence=0.51"
491,15072,Introvert,Extrovert,0.9962701797485352,2.0,0.0,8.0,0.0009058570081833,0.0,8.0,6.0,"Sample #491: True=Introvert, Predicted=Extrovert, Confidence=1.00"
492,15115,Introvert,Extrovert,0.9505256414413452,3.0,0.0,8.0,7.0,0.0,6.0,4.0,"Sample #492: True=Introvert, Predicted=Extrovert, Confidence=0.95"
493,15119,Introvert,Extrovert,0.9088692665100098,2.0,0.0,8.0,7.0,0.0,7.0,10.0,"Sample #493: True=Introvert, Predicted=Extrovert, Confidence=0.91"
494,15129,Extrovert,Introvert,0.7776939272880554,0.0007869499735534,1.0,3.0,1.0,1.0,3.0,2.0,"Sample #494: True=Extrovert, Predicted=Introvert, Confidence=0.78"
495,15131,Extrovert,Introvert,0.6370075941085815,11.0,1.0,1.0,3.0,1.0,4.0,2.0,"Sample #495: True=Extrovert, Predicted=Introvert, Confidence=0.64"
496,15135,Introvert,Extrovert,0.825082540512085,0.0008540719456505,1.0,3.0,2.0,1.0,5.0,3.0,"Sample #496: True=Introvert, Predicted=Extrovert, Confidence=0.83"
497,15149,Introvert,Extrovert,0.9808010458946228,0.0,0.0,4.0,6.0,0.0,7.0,5.0,"Sample #497: True=Introvert, Predicted=Extrovert, Confidence=0.98"
498,15201,Introvert,Extrovert,0.5016441941261292,0.0007738710148259,1.0,1.0,2.0,1.0,3.0,0.0,"Sample #498: True=Introvert, Predicted=Extrovert, Confidence=0.50"
499,15228,Extrovert,Introvert,0.9027056694030762,4.0,1.0,0.0,0.0,1.0,5.0,2.0,"Sample #499: True=Extrovert, Predicted=Introvert, Confidence=0.90"
500,15247,Introvert,Extrovert,0.8794438242912292,0.0017921676801051,1.0,4.0,0.0,1.0,5.0,2.0,"Sample #500: True=Introvert, Predicted=Extrovert, Confidence=0.88"
501,15255,Introvert,Extrovert,0.8973499536514282,1.0,0.0,8.0,6.0,0.0,10.0,10.0,"Sample #501: True=Introvert, Predicted=Extrovert, Confidence=0.90"
502,15346,Extrovert,Introvert,0.6278952956199646,1.0,0.0,8.0,7.0,0.0,0.0404184612911194,7.0,"Sample #502: True=Extrovert, Predicted=Introvert, Confidence=0.63"
503,15355,Extrovert,Introvert,0.910314679145813,6.0,1.0,0.0,3.0,1.0,4.0,1.0,"Sample #503: True=Extrovert, Predicted=Introvert, Confidence=0.91"
504,15370,Introvert,Extrovert,0.9611567854881287,0.0001099148103094,0.0,6.0,7.0,0.0,12.0,7.0,"Sample #504: True=Introvert, Predicted=Extrovert, Confidence=0.96"
505,15395,Introvert,Extrovert,0.719991147518158,4.0,0.0,7.0,7.0,0.0,4.0,7.0,"Sample #505: True=Introvert, Predicted=Extrovert, Confidence=0.72"
506,15443,Extrovert,Introvert,0.9668147563934326,4.0,1.0,0.0,2.0,1.0,3.0,0.0,"Sample #506: True=Extrovert, Predicted=Introvert, Confidence=0.97"
507,15454,Introvert,Extrovert,0.9361192584037781,0.0,0.0,0.000560166768264,7.0,0.0,14.0,7.0,"Sample #507: True=Introvert, Predicted=Extrovert, Confidence=0.94"
508,15484,Extrovert,Introvert,0.7435709834098816,10.0,0.0,3.0,0.0,1.0,0.1217067074030637,3.0,"Sample #508: True=Extrovert, Predicted=Introvert, Confidence=0.74"
509,15493,Extrovert,Introvert,0.8741419315338135,7.0,1.0,0.0,1.0,1.0,5.0,2.0,"Sample #509: True=Extrovert, Predicted=Introvert, Confidence=0.87"
510,15504,Introvert,Extrovert,0.9708238840103149,4.0,0.0,3.0,7.0,0.0,13.0,8.0,"Sample #510: True=Introvert, Predicted=Extrovert, Confidence=0.97"
511,15536,Introvert,Extrovert,0.7708243131637573,0.0011403197189792,1.0,2.0,0.0,1.0,4.0,5.0,"Sample #511: True=Introvert, Predicted=Extrovert, Confidence=0.77"
512,15537,Extrovert,Introvert,0.9380314350128174,9.0,1.0,5.0,3.0,1.0,5.0,3.0,"Sample #512: True=Extrovert, Predicted=Introvert, Confidence=0.94"
513,15540,Extrovert,Introvert,0.9861780405044556,7.0,1.0,3.0,0.0,1.0,0.0005458432919112,0.0,"Sample #513: True=Extrovert, Predicted=Introvert, Confidence=0.99"
514,15568,Extrovert,Introvert,0.9879003763198853,7.0,1.0,1.0,1.0,1.0,0.0,0.0017876834841445,"Sample #514: True=Extrovert, Predicted=Introvert, Confidence=0.99"
515,15589,Introvert,Extrovert,0.937921404838562,2.0,0.0,5.0,5.0,0.0,15.0,9.0,"Sample #515: True=Introvert, Predicted=Extrovert, Confidence=0.94"
516,15648,Extrovert,Introvert,0.7802575826644897,11.0,1.0,1.0,3.0,1.0,2.0,2.0,"Sample #516: True=Extrovert, Predicted=Introvert, Confidence=0.78"
517,15678,Introvert,Extrovert,0.9837498068809509,1.0,0.0,6.0,5.0,0.0,5.0,9.0,"Sample #517: True=Introvert, Predicted=Extrovert, Confidence=0.98"
518,15683,Introvert,Extrovert,0.9599812626838684,0.0,0.0,6.0,6.0,0.0,13.0,7.0,"Sample #518: True=Introvert, Predicted=Extrovert, Confidence=0.96"
519,15709,Extrovert,Introvert,0.9575015902519226,10.0,1.0,0.0004490642080781,1.0,1.0,2.0,1.0,"Sample #519: True=Extrovert, Predicted=Introvert, Confidence=0.96"
520,15743,Introvert,Extrovert,0.9766414165496826,2.0,0.0,6.0,7.0,0.0,5.0,5.0,"Sample #520: True=Introvert, Predicted=Extrovert, Confidence=0.98"
521,15908,Extrovert,Introvert,0.9400162100791931,10.0,1.0,1.0,0.0001476143414038,1.0,1.0,2.0,"Sample #521: True=Extrovert, Predicted=Introvert, Confidence=0.94"
522,15960,Introvert,Extrovert,0.8865549564361572,4.0,0.0,9.0,6.0,0.0,10.0,7.0,"Sample #522: True=Introvert, Predicted=Extrovert, Confidence=0.89"
523,15972,Introvert,Extrovert,0.9251527786254883,1.0,0.0,6.0,4.0,0.0,15.0,0.019545671303058,"Sample #523: True=Introvert, Predicted=Extrovert, Confidence=0.93"
524,16074,Introvert,Extrovert,0.5293214321136475,0.0005901258293306,1.0,1.0,2.0,1.0,4.0,0.0009612717491108,"Sample #524: True=Introvert, Predicted=Extrovert, Confidence=0.53"
525,16136,Extrovert,Introvert,0.7352719902992249,6.0,0.0,9.0,6.0,0.0,9.0,0.1804350703954696,"Sample #525: True=Extrovert, Predicted=Introvert, Confidence=0.74"
526,16145,Introvert,Extrovert,0.9712013602256775,2.0,0.0,6.0,7.0,0.0,11.0,9.0,"Sample #526: True=Introvert, Predicted=Extrovert, Confidence=0.97"
527,16165,Extrovert,Introvert,0.8560250401496887,11.0,1.0,2.0,1.0,1.0,4.0,3.0,"Sample #527: True=Extrovert, Predicted=Introvert, Confidence=0.86"
528,16188,Introvert,Extrovert,0.972998857498169,3.0,0.0,5.0,7.0,0.0,5.0,8.0,"Sample #528: True=Introvert, Predicted=Extrovert, Confidence=0.97"
529,16204,Extrovert,Introvert,0.9036770462989807,4.0,1.0,3.0,2.0,1.0,0.0005685581156285,1.0,"Sample #529: True=Extrovert, Predicted=Introvert, Confidence=0.90"
530,16206,Introvert,Extrovert,0.6960521936416626,0.0010718585224822,1.0,3.0,2.0,1.0,4.0,0.0,"Sample #530: True=Introvert, Predicted=Extrovert, Confidence=0.70"
531,16244,Introvert,Extrovert,0.9829735159873962,3.0,0.0,6.0,5.0,0.0,12.0,3.0,"Sample #531: True=Introvert, Predicted=Extrovert, Confidence=0.98"
532,16275,Introvert,Extrovert,0.9811276197433472,0.0,0.0,5.0,4.0,0.0,15.0,4.0,"Sample #532: True=Introvert, Predicted=Extrovert, Confidence=0.98"
533,16371,Introvert,Extrovert,0.9796880483627319,3.0,0.0,5.0,7.0,0.0,6.0,7.0,"Sample #533: True=Introvert, Predicted=Extrovert, Confidence=0.98"
534,16393,Introvert,Extrovert,0.6183253526687622,0.000738628959516,1.0,3.0,3.0,1.0,3.0,3.0,"Sample #534: True=Introvert, Predicted=Extrovert, Confidence=0.62"
535,16400,Introvert,Extrovert,0.9932948350906372,0.0001099148103094,0.0,8.0,0.0007708196193561,0.0,12.0,9.0,"Sample #535: True=Introvert, Predicted=Extrovert, Confidence=0.99"
536,16434,Extrovert,Introvert,0.9489728808403015,4.0,1.0,1.0,1.0,1.0,5.0,2.0,"Sample #536: True=Extrovert, Predicted=Introvert, Confidence=0.95"
537,16473,Extrovert,Introvert,0.8515718579292297,4.0,1.0,0.0,2.0,1.0,2.0,3.0,"Sample #537: True=Extrovert, Predicted=Introvert, Confidence=0.85"
538,16567,Introvert,Extrovert,0.9675123691558838,0.0,0.0,9.0,6.0,0.0,13.0,9.0,"Sample #538: True=Introvert, Predicted=Extrovert, Confidence=0.97"
539,16638,Introvert,Extrovert,0.9138689637184143,0.0,0.0,9.0,7.0,0.0,13.0,5.0,"Sample #539: True=Introvert, Predicted=Extrovert, Confidence=0.91"
540,16643,Extrovert,Introvert,0.930249035358429,8.0,1.0,3.0,2.0,1.0,4.0,0.0,"Sample #540: True=Extrovert, Predicted=Introvert, Confidence=0.93"
541,16655,Introvert,Extrovert,0.8709319233894348,3.0,0.0,0.0657704697921872,5.0,0.0,11.0,10.0,"Sample #541: True=Introvert, Predicted=Extrovert, Confidence=0.87"
542,16703,Introvert,Extrovert,0.9456989169120789,0.0,0.0,5.0,3.0,0.0,10.0,10.0,"Sample #542: True=Introvert, Predicted=Extrovert, Confidence=0.95"
543,16756,Extrovert,Introvert,0.5628154873847961,1.0,0.0,7.0,7.0,0.0,0.0541646461933851,7.0,"Sample #543: True=Extrovert, Predicted=Introvert, Confidence=0.56"
544,16783,Introvert,Extrovert,0.9434375762939453,3.0,0.0,6.0,3.0,0.0,15.0,9.0,"Sample #544: True=Introvert, Predicted=Extrovert, Confidence=0.94"
545,16801,Introvert,Extrovert,0.9580035209655762,0.0,0.0,10.0,5.0,0.0,9.0,9.0,"Sample #545: True=Introvert, Predicted=Extrovert, Confidence=0.96"
546,16847,Introvert,Extrovert,0.9417130947113037,0.0,0.0,9.0,5.0,0.0,12.0,3.0,"Sample #546: True=Introvert, Predicted=Extrovert, Confidence=0.94"
547,16848,Introvert,Extrovert,0.9118159413337708,1.0,0.0,0.0770720303058624,4.0,0.0,9.0,3.0,"Sample #547: True=Introvert, Predicted=Extrovert, Confidence=0.91"
548,16854,Introvert,Extrovert,0.971653163433075,1.0,0.0,7.0,5.0,0.0,8.0,7.0,"Sample #548: True=Introvert, Predicted=Extrovert, Confidence=0.97"
549,16917,Extrovert,Introvert,0.666143000125885,3.0,1.0,2.0,0.0,1.0,5.0,0.0,"Sample #549: True=Extrovert, Predicted=Introvert, Confidence=0.67"
550,16953,Introvert,Extrovert,0.9650184512138367,1.0,0.0,9.0,7.0,0.0,12.0,8.0,"Sample #550: True=Introvert, Predicted=Extrovert, Confidence=0.97"
551,16976,Introvert,Extrovert,0.9908915162086487,1.0,0.0,6.0,4.0,0.0,13.0,5.0,"Sample #551: True=Introvert, Predicted=Extrovert, Confidence=0.99"
552,17013,Extrovert,Introvert,0.9546615481376648,10.0,1.0,3.0,0.0001476143414038,1.0,5.0,1.0,"Sample #552: True=Extrovert, Predicted=Introvert, Confidence=0.95"
553,17091,Introvert,Extrovert,0.9892454743385315,3.0,0.0,4.0,3.0,0.0,8.0,7.0,"Sample #553: True=Introvert, Predicted=Extrovert, Confidence=0.99"
554,17116,Introvert,Extrovert,0.7480178475379944,6.0,0.0,4.0,6.0,0.0,8.0,7.0,"Sample #554: True=Introvert, Predicted=Extrovert, Confidence=0.75"
555,17141,Extrovert,Introvert,0.7907757759094238,6.0,1.0,0.0,2.0,1.0,2.0,2.0,"Sample #555: True=Extrovert, Predicted=Introvert, Confidence=0.79"
556,17143,Extrovert,Introvert,0.913277804851532,10.0,1.0,2.0,0.0,1.0,5.0,2.0,"Sample #556: True=Extrovert, Predicted=Introvert, Confidence=0.91"
557,17151,Extrovert,Introvert,0.5355053544044495,3.0,0.0,7.0,7.0,0.0,0.069939381070435,7.0,"Sample #557: True=Extrovert, Predicted=Introvert, Confidence=0.54"
558,17176,Introvert,Extrovert,0.567719042301178,0.0006308265874395,1.0,2.0,0.0,1.0,5.0,1.0,"Sample #558: True=Introvert, Predicted=Extrovert, Confidence=0.57"
559,17287,Introvert,Extrovert,0.963523268699646,1.0,0.0,8.0,0.0012815171445254,0.0,5.0,8.0,"Sample #559: True=Introvert, Predicted=Extrovert, Confidence=0.96"
560,17369,Introvert,Extrovert,0.9817516803741455,0.0,0.0,6.0,5.0,0.0,8.0,8.0,"Sample #560: True=Introvert, Predicted=Extrovert, Confidence=0.98"
561,17386,Extrovert,Introvert,0.9574019908905029,9.0,1.0,1.0,2.0,1.0,0.0,6.0,"Sample #561: True=Extrovert, Predicted=Introvert, Confidence=0.96"
562,17454,Extrovert,Introvert,0.8915246725082397,5.0,1.0,0.0,3.0,1.0,4.0,2.0,"Sample #562: True=Extrovert, Predicted=Introvert, Confidence=0.89"
563,17483,Introvert,Extrovert,0.9656066298484802,3.0,0.0,7.0,7.0,0.0,15.0,0.0292512483894825,"Sample #563: True=Introvert, Predicted=Extrovert, Confidence=0.97"
564,17621,Introvert,Extrovert,0.8233133554458618,4.0,0.0,7.0,7.0,0.0,15.0,4.0,"Sample #564: True=Introvert, Predicted=Extrovert, Confidence=0.82"
565,17641,Extrovert,Introvert,0.9409729242324829,9.0,1.0,3.0,1.0,1.0,5.0,2.0,"Sample #565: True=Extrovert, Predicted=Introvert, Confidence=0.94"
566,17678,Extrovert,Introvert,0.9685496091842651,10.0,1.0,2.0,3.0,1.0,0.0,2.0,"Sample #566: True=Extrovert, Predicted=Introvert, Confidence=0.97"
567,17733,Extrovert,Introvert,0.7545446753501892,7.0,1.0,2.0,1.0,1.0,7.0,2.0,"Sample #567: True=Extrovert, Predicted=Introvert, Confidence=0.75"
568,17734,Introvert,Extrovert,0.9636123776435852,0.0,0.0,9.0,4.0,0.0,9.0,6.0,"Sample #568: True=Introvert, Predicted=Extrovert, Confidence=0.96"
569,17750,Extrovert,Introvert,0.912942111492157,9.0,1.0,1.0,1.0,1.0,5.0,3.0,"Sample #569: True=Extrovert, Predicted=Introvert, Confidence=0.91"
570,17793,Introvert,Extrovert,0.9698718786239624,0.0001099148103094,0.0,5.0,3.0,0.0,15.0,8.0,"Sample #570: True=Introvert, Predicted=Extrovert, Confidence=0.97"
571,17816,Introvert,Extrovert,0.9591318964958191,2.0,0.0,7.0,7.0,0.0,5.0,9.0,"Sample #571: True=Introvert, Predicted=Extrovert, Confidence=0.96"
572,17820,Introvert,Extrovert,0.5523613691329956,0.0005901258293306,1.0,2.0,0.0,1.0,4.0,1.0,"Sample #572: True=Introvert, Predicted=Extrovert, Confidence=0.55"
573,17930,Extrovert,Introvert,0.834219217300415,11.0,1.0,0.0,0.0,1.0,3.0,0.0,"Sample #573: True=Extrovert, Predicted=Introvert, Confidence=0.83"
574,17989,Introvert,Extrovert,0.9842548966407776,3.0,0.0,6.0,6.0,0.0,12.0,8.0,"Sample #574: True=Introvert, Predicted=Extrovert, Confidence=0.98"
575,17992,Introvert,Extrovert,0.9862837195396423,0.0001099148103094,0.0,7.0,4.0,0.0,11.0,3.0,"Sample #575: True=Introvert, Predicted=Extrovert, Confidence=0.99"
576,18018,Extrovert,Introvert,0.6368662118911743,6.0,1.0,0.0,2.0,1.0,0.0,2.0,"Sample #576: True=Extrovert, Predicted=Introvert, Confidence=0.64"
577,18046,Introvert,Extrovert,0.7484668493270874,0.0018923979019746,1.0,3.0,9.533241754979826e-05,1.0,4.0,2.0,"Sample #577: True=Introvert, Predicted=Extrovert, Confidence=0.75"
578,18063,Introvert,Extrovert,0.8383686542510986,0.0008133711875416,1.0,3.0,2.0,1.0,4.0,2.0,"Sample #578: True=Introvert, Predicted=Extrovert, Confidence=0.84"
579,18148,Extrovert,Introvert,0.8889819383621216,6.0,1.0,1.0,3.0,1.0,3.0,3.0,"Sample #579: True=Extrovert, Predicted=Introvert, Confidence=0.89"
580,18214,Introvert,Extrovert,0.5716463923454285,0.0007868951215641,1.0,0.0,3.0,1.0,4.0,3.0,"Sample #580: True=Introvert, Predicted=Extrovert, Confidence=0.57"
581,18276,Introvert,Extrovert,0.9398821592330933,0.0,0.0,9.0,5.0,0.0,10.0,9.0,"Sample #581: True=Introvert, Predicted=Extrovert, Confidence=0.94"
582,18282,Extrovert,Introvert,0.613644540309906,9.0,1.0,2.0,0.0,1.0,8.0,0.0,"Sample #582: True=Extrovert, Predicted=Introvert, Confidence=0.61"
583,18312,Introvert,Extrovert,0.9500584006309509,0.0,0.0,5.0,6.0,0.0,15.0,9.0,"Sample #583: True=Introvert, Predicted=Extrovert, Confidence=0.95"
584,18317,Extrovert,Introvert,0.9076151847839355,11.0,1.0,0.0,0.0,1.0,2.0,0.0,"Sample #584: True=Extrovert, Predicted=Introvert, Confidence=0.91"
585,18337,Extrovert,Introvert,0.95306396484375,5.0,1.0,3.0,0.0001476143414038,1.0,4.0,2.0,"Sample #585: True=Extrovert, Predicted=Introvert, Confidence=0.95"
586,18377,Extrovert,Introvert,0.7297648191452026,5.0,1.0,2.0,0.0,1.0,7.0,1.0,"Sample #586: True=Extrovert, Predicted=Introvert, Confidence=0.73"
587,18399,Extrovert,Introvert,0.5876044034957886,1.0,0.0,0.0762701567262411,4.0,0.0,0.1333809904754161,3.0,"Sample #587: True=Extrovert, Predicted=Introvert, Confidence=0.59"
588,18437,Extrovert,Introvert,0.920569658279419,11.0,1.0,0.0,2.0,1.0,0.0,3.0,"Sample #588: True=Extrovert, Predicted=Introvert, Confidence=0.92"
589,18443,Introvert,Extrovert,0.986427366733551,0.0001099148103094,0.0,7.0,4.0,0.0,9.0,4.0,"Sample #589: True=Introvert, Predicted=Extrovert, Confidence=0.99"
590,18486,Introvert,Extrovert,0.9758084416389465,3.0,0.0,5.0,3.0,0.0,6.0,8.0,"Sample #590: True=Introvert, Predicted=Extrovert, Confidence=0.98"
